Date,_GSPC
2011-12-28,
2011-12-29,
2011-12-30,
2012-01-03,
2012-01-04,
2012-01-05,
2012-01-06,
2012-01-09,
2012-01-10,
2012-01-11,
2012-01-12,
2012-01-13,
2012-01-17,
2012-01-18,
2012-01-19,
2012-01-20,
2012-01-23,
2012-01-24,
2012-01-25,
2012-01-26,
2012-01-27,
2012-01-30,
2012-01-31,
2012-02-01,
2012-02-02,
2012-02-03,
2012-02-06,
2012-02-07,
2012-02-08,
2012-02-09,
2012-02-10,
2012-02-13,
2012-02-14,
2012-02-15,
2012-02-16,
2012-02-17,
2012-02-21,
2012-02-22,
2012-02-23,
2012-02-24,
2012-02-27,
2012-02-28,
2012-02-29,
2012-03-01,
2012-03-02,
2012-03-05,
2012-03-06,
2012-03-07,
2012-03-08,
2012-03-09,
2012-03-12,
2012-03-13,
2012-03-14,
2012-03-15,
2012-03-16,
2012-03-19,
2012-03-20,
2012-03-21,
2012-03-22,
2012-03-23,
2012-03-26,
2012-03-27,
2012-03-28,
2012-03-29,
2012-03-30,
2012-04-02,
2012-04-03,
2012-04-04,
2012-04-05,
2012-04-09,
2012-04-10,
2012-04-11,
2012-04-12,
2012-04-13,
2012-04-16,
2012-04-17,
2012-04-18,
2012-04-19,
2012-04-20,
2012-04-23,
2012-04-24,
2012-04-25,
2012-04-26,
2012-04-27,
2012-04-30,
2012-05-01,
2012-05-02,
2012-05-03,
2012-05-04,
2012-05-07,
2012-05-08,
2012-05-09,
2012-05-10,
2012-05-11,
2012-05-14,
2012-05-15,
2012-05-16,
2012-05-17,
2012-05-18,
2012-05-21,
2012-05-22,1.0
2012-05-23,1.0
2012-05-24,1.0
2012-05-25,1.0
2012-05-29,1.0
2012-05-30,1.0
2012-05-31,1.0
2012-06-01,1.0
2012-06-04,0.9784608473756674
2012-06-05,0.9850996993811485
2012-06-06,0.9822905205925733
2012-06-07,0.9420288835967181
2012-06-08,0.9439772243770763
2012-06-11,0.9402287847403932
2012-06-12,0.9369232562308918
2012-06-13,0.9290726899884434
2012-06-14,0.9255654115434524
2012-06-15,0.917643938084228
2012-06-18,0.9108093347844708
2012-06-19,0.9155242926895591
2012-06-20,0.9117937778505678
2012-06-21,0.9117694880797886
2012-06-22,0.8795162418911593
2012-06-25,0.8765916932850395
2012-06-26,0.8659261099879902
2012-06-27,0.8646712159159794
2012-06-28,0.8722553743013134
2012-06-29,0.872025349209514
2012-07-02,0.8387564562043158
2012-07-03,0.8386881722397151
2012-07-05,0.8368630603476626
2012-07-06,0.8382362273829514
2012-07-09,0.835788143237981
2012-07-10,0.8356936329383503
2012-07-11,0.8337690302580674
2012-07-12,0.8400760371222997
2012-07-13,0.839179041031859
2012-07-16,0.825376566570633
2012-07-17,0.8256626527468449
2012-07-18,0.8238570215238514
2012-07-19,0.8218245472532628
2012-07-20,0.8215611361835449
2012-07-23,0.8171383063233872
2012-07-24,0.814413998420989
2012-07-25,0.8125546266289675
2012-07-26,0.812982049565369
2012-07-27,0.800930865115824
2012-07-30,0.7960860292847574
2012-07-31,0.7980105706938563
2012-08-01,0.8012641495481015
2012-08-02,0.8014394601753188
2012-08-03,0.7988761394350279
2012-08-06,0.7973963705609911
2012-08-07,0.7972123992772127
2012-08-08,0.7976362617187747
2012-08-09,0.7976756375724767
2012-08-10,0.7983845857035543
2012-08-13,0.798564911405576
2012-08-14,0.7986524987411933
2012-08-15,0.8010460257647412
2012-08-16,0.8014125804173722
2012-08-17,0.8078470672025987
2012-08-20,0.8080620643167373
2012-08-21,0.8092386845925814
2012-08-22,0.8087712641534802
2012-08-23,0.809389642592495
2012-08-24,0.8089928993940927
2012-08-27,0.8077396479736164
2012-08-28,0.8127021696864549
2012-08-29,0.8126885671305571
2012-08-30,0.8190846157623028
2012-08-31,0.8310020393705395
2012-09-04,0.8324321103664719
2012-09-05,0.841764867356344
2012-09-06,0.8503623864063403
2012-09-07,0.8296871127717215
2012-09-10,0.8405481720856941
2012-09-11,0.8393500679777678
2012-09-12,0.841034231151329
2012-09-13,0.8409158035482875
2012-09-14,0.8324226527038378
2012-09-17,0.8323332820083178
2012-09-18,0.8403254865820169
2012-09-19,0.842191811922813
2012-09-20,0.8423717862546467
2012-09-21,0.8433062910984351
2012-09-24,0.8447500865719532
2012-09-25,0.8448275938999432
2012-09-26,0.8419402724161916
2012-09-27,0.8549177242525998
2012-09-28,0.8503840098554574
2012-10-01,0.8502767029686904
2012-10-02,0.8529723585250221
2012-10-03,0.8531631525966884
2012-10-04,0.8535859085778998
2012-10-05,0.8592851970816233
2012-10-08,0.8617049547056221
2012-10-09,0.8622299009532546
2012-10-10,0.8703501926643997
2012-10-11,0.871452176930365
2012-10-12,0.8848481824976476
2012-10-15,0.8839708377506142
2012-10-16,0.8808680659710956
2012-10-17,0.8757085220442433
2012-10-18,0.8757302135258538
2012-10-19,0.8810895275806478
2012-10-22,0.8766035158126535
2012-10-23,0.8771890557788824
2012-10-24,0.9040701608585364
2012-10-25,0.9030358723644227
2012-10-26,0.90423893309199
2012-10-31,0.9373241432302774
2012-11-01,0.9373503761805717
2012-11-02,0.9338227465112537
2012-11-05,0.9394478833001986
2012-11-06,0.9480516244864108
2012-11-07,0.9488734596076841
2012-11-08,0.9128754964063
2012-11-09,0.9087606036853132
2012-11-12,0.9087163984342697
2012-11-13,0.9148368790368322
2012-11-14,0.9139052484746989
2012-11-15,0.9359547003828604
2012-11-16,0.9392634417597931
2012-11-19,0.9577717351148078
2012-11-20,0.9315822438188329
2012-11-21,0.9367748869270044
2012-11-23,0.9369880126888518
2012-11-26,0.9698371324877878
2012-11-27,0.9697615990653639
2012-11-28,0.9702221051747106
2012-11-29,0.9675617115634574
2012-11-30,0.9741888700325833
2012-12-03,0.9745397075421857
2012-12-04,0.9784235600965134
2012-12-05,0.9780448846823371
2012-12-06,0.9804690144244571
2012-12-07,1.0
2012-12-10,1.0
2012-12-11,1.0
2012-12-12,1.0
2012-12-13,1.0
2012-12-14,1.0
2012-12-17,1.0
2012-12-18,1.0
2012-12-19,1.0
2012-12-20,1.0
2012-12-21,1.0
2012-12-24,1.0
2012-12-26,1.0
2012-12-27,1.0
2012-12-28,1.0
2012-12-31,1.0
2013-01-02,1.0
2013-01-03,0.9888065426694053
2013-01-04,0.988276246464057
2013-01-07,0.9866050450299584
2013-01-08,0.9858046908242655
2013-01-09,0.9849170647190342
2013-01-10,0.9845052971750529
2013-01-11,0.9802778924183282
2013-01-14,0.9839595375282579
2013-01-15,0.9840029357716317
2013-01-16,0.9839673175899913
2013-01-17,0.9852454700623137
2013-01-18,0.9829820676835954
2013-01-22,0.9885865615588982
2013-01-23,0.9902621267498088
2013-01-24,0.9902834991986819
2013-01-25,0.9904214968276099
2013-01-28,0.9884382793129552
2013-01-29,0.9941151444861718
2013-01-30,0.9940903885156791
2013-01-31,0.9925622391027873
2013-02-01,0.9919211516852432
2013-02-04,1.0
2013-02-05,1.0
2013-02-06,1.0
2013-02-07,1.0
2013-02-08,1.0
2013-02-11,1.0
2013-02-12,1.0
2013-02-13,1.0
2013-02-14,1.0
2013-02-15,1.0
2013-02-19,1.0
2013-02-20,1.0
2013-02-21,1.0
2013-02-22,1.0
2013-02-25,1.0
2013-02-26,0.9855788635021064
2013-02-27,0.9847362441851248
2013-02-28,0.9727837609165569
2013-03-01,0.972650788712226
2013-03-04,0.9731806730339351
2013-03-05,0.9754451531500508
2013-03-06,0.9688550598520353
2013-03-07,0.9701278031046683
2013-03-08,0.9791551392947382
2013-03-11,0.9820209414430319
2013-03-12,0.9815574773832738
2013-03-13,0.9818894877730916
2013-03-14,0.9862914559464152
2013-03-15,0.9919635408146166
2013-03-18,0.9925125699132414
2013-03-19,0.9900572549079665
2013-03-20,1.0
2013-03-21,1.0
2013-03-22,1.0
2013-03-25,1.0
2013-03-26,1.0
2013-03-27,1.0
2013-03-28,1.0
2013-04-01,1.0
2013-04-02,1.0
2013-04-03,1.0
2013-04-04,1.0
2013-04-05,1.0
2013-04-08,1.0
2013-04-09,1.0
2013-04-10,1.0
2013-04-11,1.0
2013-04-12,1.0
2013-04-15,1.0
2013-04-16,1.0
2013-04-17,1.0
2013-04-18,1.0
2013-04-19,1.0
2013-04-22,1.0
2013-04-23,1.0
2013-04-24,1.0
2013-04-25,1.0
2013-04-26,1.0
2013-04-29,1.0
2013-04-30,1.0
2013-05-01,1.0
2013-05-02,1.0
2013-05-03,1.0
2013-05-06,1.0
2013-05-07,1.0
2013-05-08,1.0
2013-05-09,1.0
2013-05-10,1.0
2013-05-13,1.0
2013-05-14,1.0
2013-05-15,1.0
2013-05-16,1.0
2013-05-17,1.0
2013-05-20,1.0
2013-05-21,1.0
2013-05-22,1.0
2013-05-23,1.0
2013-05-24,1.0
2013-05-28,1.0
2013-05-29,1.0
2013-05-30,1.0
2013-05-31,1.0
2013-06-03,1.0
2013-06-04,1.0
2013-06-05,1.0
2013-06-06,1.0
2013-06-07,1.0
2013-06-10,1.0
2013-06-11,1.0
2013-06-12,1.0
2013-06-13,1.0
2013-06-14,1.0
2013-06-17,1.0
2013-06-18,1.0
2013-06-19,1.0
2013-06-20,1.0
2013-06-21,0.9458465841176532
2013-06-24,0.9470546235052064
2013-06-25,0.9365394184037577
2013-06-26,0.9314843659526949
2013-06-27,0.9320861112072691
2013-06-28,0.9408122483969298
2013-07-01,0.9459232525116694
2013-07-02,0.9442366274780533
2013-07-03,0.9445824314008333
2013-07-05,0.9464444528214528
2013-07-08,0.9399106884284125
2013-07-09,0.938487152266392
2013-07-10,0.9355082308633622
2013-07-11,0.9354792176232123
2013-07-12,0.9245281506938827
2013-07-15,0.9270450953966446
2013-07-16,0.9401038512673323
2013-07-17,0.9424489748463067
2013-07-18,0.946612816078601
2013-07-19,0.975671484138871
2013-07-22,0.9775918493983382
2013-07-23,0.9885835408752218
2013-07-24,0.9881659587012962
2013-07-25,0.9862578678785557
2013-07-26,0.9871403517897674
2013-07-29,0.9933925889929075
2013-07-30,0.9915192355431632
2013-07-31,0.9915711834976302
2013-08-01,0.9926150037609835
2013-08-02,0.9816815310471821
2013-08-05,0.9825809793860643
2013-08-06,0.9820966879406834
2013-08-07,0.980288641720804
2013-08-08,0.9790023560572465
2013-08-09,0.9816209157160097
2013-08-12,0.9808731351465781
2013-08-13,0.9833851007891043
2013-08-14,0.9902288770230641
2013-08-15,0.990492707058351
2013-08-16,0.9727707925459921
2013-08-19,0.9756555017374864
2013-08-20,0.9723490472153236
2013-08-21,0.9724791865274369
2013-08-22,0.9712756634009163
2013-08-23,0.9677734501948372
2013-08-26,0.9770897538536194
2013-08-27,0.9762289969777886
2013-08-28,0.9562804469123889
2013-08-29,0.9585016711079029
2013-08-30,0.9590685873816714
2013-09-03,0.9690255082750252
2013-09-04,0.9686759604152885
2013-09-05,0.9646983971727257
2013-09-06,1.0
2013-09-09,1.0
2013-09-10,1.0
2013-09-11,1.0
2013-09-12,1.0
2013-09-13,1.0
2013-09-16,1.0
2013-09-17,1.0
2013-09-18,1.0
2013-09-19,1.0
2013-09-20,1.0
2013-09-23,1.0
2013-09-24,1.0
2013-09-25,1.0
2013-09-26,1.0
2013-09-27,1.0
2013-09-30,1.0
2013-10-01,1.0
2013-10-02,1.0
2013-10-03,1.0
2013-10-04,1.0
2013-10-07,1.0
2013-10-08,1.0
2013-10-09,1.0
2013-10-10,1.0
2013-10-11,1.0
2013-10-14,1.0
2013-10-15,1.0
2013-10-16,1.0
2013-10-17,0.9865733000069602
2013-10-18,0.9861595487931258
2013-10-21,0.9879435016762268
2013-10-22,0.9887534316790249
2013-10-23,1.0
2013-10-24,1.0
2013-10-25,1.0
2013-10-28,1.0
2013-10-29,1.0
2013-10-30,1.0
2013-10-31,1.0
2013-11-01,1.0
2013-11-04,1.0
2013-11-05,1.0
2013-11-06,1.0
2013-11-07,1.0
2013-11-08,1.0
2013-11-11,1.0
2013-11-12,1.0
2013-11-13,1.0
2013-11-14,1.0
2013-11-15,1.0
2013-11-18,1.0
2013-11-19,1.0
2013-11-20,1.0
2013-11-21,1.0
2013-11-22,1.0
2013-11-25,1.0
2013-11-26,1.0
2013-11-27,1.0
2013-11-29,1.0
2013-12-02,1.0
2013-12-03,1.0
2013-12-04,1.0
2013-12-05,1.0
2013-12-06,1.0
2013-12-09,1.0
2013-12-10,1.0
2013-12-11,1.0
2013-12-12,1.0
2013-12-13,1.0
2013-12-16,1.0
2013-12-17,1.0
2013-12-18,1.0
2013-12-19,1.0
2013-12-20,1.0
2013-12-23,1.0
2013-12-24,1.0
2013-12-26,1.0
2013-12-27,1.0
2013-12-30,1.0
2013-12-31,1.0
2014-01-02,1.0
2014-01-03,1.0
2014-01-06,1.0
2014-01-07,1.0
2014-01-08,1.0
2014-01-09,1.0
2014-01-10,1.0
2014-01-13,1.0
2014-01-14,1.0
2014-01-15,1.0
2014-01-16,1.0
2014-01-17,1.0
2014-01-21,1.0
2014-01-22,1.0
2014-01-23,1.0
2014-01-24,1.0
2014-01-27,1.0
2014-01-28,1.0
2014-01-29,1.0
2014-01-30,1.0
2014-01-31,1.0
2014-02-03,1.0
2014-02-04,1.0
2014-02-05,1.0
2014-02-06,1.0
2014-02-07,1.0
2014-02-10,1.0
2014-02-11,1.0
2014-02-12,1.0
2014-02-13,1.0
2014-02-14,1.0
2014-02-18,1.0
2014-02-19,1.0
2014-02-20,1.0
2014-02-21,1.0
2014-02-24,1.0
2014-02-25,1.0
2014-02-26,1.0
2014-02-27,1.0
2014-02-28,1.0
2014-03-03,1.0
2014-03-04,1.0
2014-03-05,1.0
2014-03-06,1.0
2014-03-07,1.0
2014-03-10,1.0
2014-03-11,1.0
2014-03-12,1.0
2014-03-13,1.0
2014-03-14,1.0
2014-03-17,1.0
2014-03-18,1.0
2014-03-19,1.0
2014-03-20,1.0
2014-03-21,1.0
2014-03-24,1.0
2014-03-25,1.0
2014-03-26,1.0
2014-03-27,1.0
2014-03-28,1.0
2014-03-31,1.0
2014-04-01,1.0
2014-04-02,1.0
2014-04-03,1.0
2014-04-04,1.0
2014-04-07,1.0
2014-04-08,1.0
2014-04-09,1.0
2014-04-10,1.0
2014-04-11,1.0
2014-04-14,1.0
2014-04-15,1.0
2014-04-16,1.0
2014-04-17,1.0
2014-04-21,1.0
2014-04-22,1.0
2014-04-23,1.0
2014-04-24,1.0
2014-04-25,1.0
2014-04-28,1.0
2014-04-29,1.0
2014-04-30,1.0
2014-05-01,1.0
2014-05-02,1.0
2014-05-05,1.0
2014-05-06,1.0
2014-05-07,1.0
2014-05-08,1.0
2014-05-09,1.0
2014-05-12,1.0
2014-05-13,1.0
2014-05-14,1.0
2014-05-15,1.0
2014-05-16,1.0
2014-05-19,1.0
2014-05-20,1.0
2014-05-21,1.0
2014-05-22,1.0
2014-05-23,1.0
2014-05-27,1.0
2014-05-28,1.0
2014-05-29,1.0
2014-05-30,1.0
2014-06-02,1.0
2014-06-03,1.0
2014-06-04,1.0
2014-06-05,1.0
2014-06-06,1.0
2014-06-09,1.0
2014-06-10,1.0
2014-06-11,1.0
2014-06-12,1.0
2014-06-13,1.0
2014-06-16,1.0
2014-06-17,1.0
2014-06-18,1.0
2014-06-19,1.0
2014-06-20,1.0
2014-06-23,1.0
2014-06-24,1.0
2014-06-25,1.0
2014-06-26,1.0
2014-06-27,1.0
2014-06-30,1.0
2014-07-01,1.0
2014-07-02,1.0
2014-07-03,1.0
2014-07-07,1.0
2014-07-08,1.0
2014-07-09,1.0
2014-07-10,1.0
2014-07-11,1.0
2014-07-14,1.0
2014-07-15,1.0
2014-07-16,1.0
2014-07-17,1.0
2014-07-18,1.0
2014-07-21,1.0
2014-07-22,1.0
2014-07-23,1.0
2014-07-24,1.0
2014-07-25,1.0
2014-07-28,1.0
2014-07-29,1.0
2014-07-30,1.0
2014-07-31,1.0
2014-08-01,1.0
2014-08-04,1.0
2014-08-05,1.0
2014-08-06,1.0
2014-08-07,1.0
2014-08-08,1.0
2014-08-11,1.0
2014-08-12,1.0
2014-08-13,1.0
2014-08-14,1.0
2014-08-15,1.0
2014-08-18,1.0
2014-08-19,1.0
2014-08-20,1.0
2014-08-21,1.0
2014-08-22,1.0
2014-08-25,1.0
2014-08-26,1.0
2014-08-27,1.0
2014-08-28,1.0
2014-08-29,1.0
2014-09-02,1.0
2014-09-03,1.0
2014-09-04,1.0
2014-09-05,1.0
2014-09-08,1.0
2014-09-09,1.0
2014-09-10,1.0
2014-09-11,1.0
2014-09-12,1.0
2014-09-15,1.0
2014-09-16,1.0
2014-09-17,1.0
2014-09-18,1.0
2014-09-19,1.0
2014-09-22,1.0
2014-09-23,1.0
2014-09-24,1.0
2014-09-25,1.0
2014-09-26,1.0
2014-09-29,1.0
2014-09-30,1.0
2014-10-01,1.0
2014-10-02,1.0
2014-10-03,1.0
2014-10-06,1.0
2014-10-07,1.0
2014-10-08,1.0
2014-10-09,1.0
2014-10-10,1.0
2014-10-13,1.0
2014-10-14,1.0
2014-10-15,1.0
2014-10-16,1.0
2014-10-17,1.0
2014-10-20,1.0
2014-10-21,1.0
2014-10-22,1.0
2014-10-23,1.0
2014-10-24,1.0
2014-10-27,1.0
2014-10-28,1.0
2014-10-29,1.0
2014-10-30,1.0
2014-10-31,1.0
2014-11-03,1.0
2014-11-04,1.0
2014-11-05,1.0
2014-11-06,1.0
2014-11-07,1.0
2014-11-10,1.0
2014-11-11,1.0
2014-11-12,1.0
2014-11-13,1.0
2014-11-14,1.0
2014-11-17,1.0
2014-11-18,1.0
2014-11-19,1.0
2014-11-20,1.0
2014-11-21,1.0
2014-11-24,1.0
2014-11-25,1.0
2014-11-26,1.0
2014-11-28,1.0
2014-12-01,1.0
2014-12-02,1.0
2014-12-03,1.0
2014-12-04,1.0
2014-12-05,1.0
2014-12-08,1.0
2014-12-09,1.0
2014-12-10,1.0
2014-12-11,1.0
2014-12-12,1.0
2014-12-15,1.0
2014-12-16,1.0
2014-12-17,1.0
2014-12-18,0.9689859869937241
2014-12-19,0.9293443977344368
2014-12-22,0.9281754390172106
2014-12-23,0.9596224351937187
2014-12-24,0.9605741616867679
2014-12-26,0.9637527523450186
2014-12-29,0.9720916189275217
2014-12-30,0.972147534172518
2014-12-31,0.9728123363162976
2015-01-02,0.9721135476331502
2015-01-05,0.9724077564842761
2015-01-06,0.9447657228937953
2015-01-07,0.9413264651017061
2015-01-08,0.9333003407305335
2015-01-09,0.9125615847264362
2015-01-12,0.9116065233597119
2015-01-13,0.9083442736594697
2015-01-14,0.9081694628773072
2015-01-15,0.9063385484865121
2015-01-16,0.9009136483258718
2015-01-20,0.8911287176500644
2015-01-21,0.891054555515074
2015-01-22,0.8897433461645821
2015-01-23,0.8764386648742026
2015-01-26,0.8749946040696157
2015-01-27,0.8747163844706471
2015-01-28,0.8639000437774271
2015-01-29,0.8535876537221777
2015-01-30,0.8500686024731895
2015-02-02,0.8414137371574203
2015-02-03,0.8351532413705365
2015-02-04,0.8256553088253789
2015-02-05,0.8247105230048235
2015-02-06,0.8217833186749568
2015-02-09,0.8211361224411414
2015-02-10,0.8226367024275639
2015-02-11,0.8174791958444008
2015-02-12,0.8184860397626758
2015-02-13,0.8143862759245493
2015-02-17,0.8172123390350707
2015-02-18,0.8190991652134821
2015-02-19,0.8216405540988959
2015-02-20,0.8358243876851527
2015-02-23,0.8375080055472696
2015-02-24,0.8379892209047202
2015-02-25,0.8383878010861002
2015-02-26,0.8488133222609474
2015-02-27,0.8485642382672559
2015-03-02,0.853668473948098
2015-03-03,0.8523548770341434
2015-03-04,0.8651574407716742
2015-03-05,0.8797062850853715
2015-03-06,0.9092601538924164
2015-03-09,0.904265240482901
2015-03-10,0.9244334743255047
2015-03-11,0.9025186108384052
2015-03-12,0.9073263889253186
2015-03-13,0.8986906775930485
2015-03-16,0.9045993164652262
2015-03-17,0.8987459257325865
2015-03-18,0.9206623358264017
2015-03-19,0.9163555191719497
2015-03-20,0.9231828416086165
2015-03-23,0.9212143530194805
2015-03-24,0.9211356567810448
2015-03-25,0.9267719669254076
2015-03-26,0.9113179876243657
2015-03-27,0.9131262827329784
2015-03-30,0.9217007895036243
2015-03-31,0.9120798920146109
2015-04-01,0.9071797028002986
2015-04-02,0.9079841321790426
2015-04-06,0.9080966332105904
2015-04-07,0.9054146589985624
2015-04-08,0.9056285864534067
2015-04-09,0.9052402876891809
2015-04-10,0.9041333687520553
2015-04-13,0.9025668905591218
2015-04-14,0.9010293024403977
2015-04-15,0.900922741641457
2015-04-16,0.9009138513359208
2015-04-17,0.9010455460042985
2015-04-20,0.8926934591681205
2015-04-21,0.8891946857644589
2015-04-22,0.8894827285242265
2015-04-23,0.8880943664480502
2015-04-24,0.8882264103583893
2015-04-27,0.8884423107988353
2015-04-28,0.8903766637159075
2015-04-29,0.892321119803023
2015-04-30,0.8921440431716082
2015-05-01,0.8856703772239011
2015-05-04,0.8788000951814384
2015-05-05,0.8817348495317253
2015-05-06,0.8729940197785094
2015-05-07,0.8884939763216999
2015-05-08,0.888859831548108
2015-05-11,0.8959267341564005
2015-05-12,0.8969363711210154
2015-05-13,0.9014707244369703
2015-05-14,0.9274570835620536
2015-05-15,0.9600589274138884
2015-05-18,0.96148340582155
2015-05-19,0.9618631507910541
2015-05-20,0.9619840641300877
2015-05-21,0.9618908831446416
2015-05-22,0.9622898230269139
2015-05-26,0.9618649483028892
2015-05-27,0.9552995864225615
2015-05-28,0.9578112541052106
2015-05-29,0.9576516634777467
2015-06-01,0.9825648490152024
2015-06-02,0.9898576550191104
2015-06-03,1.0
2015-06-04,1.0
2015-06-05,1.0
2015-06-08,1.0
2015-06-09,1.0
2015-06-10,1.0
2015-06-11,1.0
2015-06-12,1.0
2015-06-15,1.0
2015-06-16,1.0
2015-06-17,1.0
2015-06-18,1.0
2015-06-19,1.0
2015-06-22,1.0
2015-06-23,1.0
2015-06-24,1.0
2015-06-25,1.0
2015-06-26,1.0
2015-06-29,1.0
2015-06-30,1.0
2015-07-01,1.0
2015-07-02,1.0
2015-07-06,1.0
2015-07-07,1.0
2015-07-08,1.0
2015-07-09,1.0
2015-07-10,1.0
2015-07-13,1.0
2015-07-14,1.0
2015-07-15,1.0
2015-07-16,1.0
2015-07-17,1.0
2015-07-20,1.0
2015-07-21,1.0
2015-07-22,1.0
2015-07-23,1.0
2015-07-24,1.0
2015-07-27,1.0
2015-07-28,1.0
2015-07-29,1.0
2015-07-30,1.0
2015-07-31,1.0
2015-08-03,1.0
2015-08-04,1.0
2015-08-05,1.0
2015-08-06,1.0
2015-08-07,1.0
2015-08-10,1.0
2015-08-11,1.0
2015-08-12,1.0
2015-08-13,1.0
2015-08-14,1.0
2015-08-17,1.0
2015-08-18,1.0
2015-08-19,1.0
2015-08-20,1.0
2015-08-21,1.0
2015-08-24,1.0
2015-08-25,0.8877430157324018
2015-08-26,0.8791441541119316
2015-08-27,0.8019424944813252
2015-08-28,0.775848991550927
2015-08-31,0.7762065480623974
2015-09-01,0.7746485855222682
2015-09-02,0.7429804081101609
2015-09-03,0.7307818117660263
2015-09-04,0.7308493891668935
2015-09-08,0.724764269104653
2015-09-09,0.7037222291899019
2015-09-10,0.7017928176789355
2015-09-11,0.7037065025759277
2015-09-14,0.7029006987922346
2015-09-15,0.7035806554601403
2015-09-16,0.6983510228179459
2015-09-17,0.6960113304450068
2015-09-18,0.6962732266637085
2015-09-21,0.689447543628242
2015-09-22,0.6889034615144946
2015-09-23,0.6875522205064617
2015-09-24,0.6914284353323891
2015-09-25,0.691669393929002
2015-09-28,0.6952731823185091
2015-09-29,0.6776228766693477
2015-09-30,0.678113327173037
2015-10-01,0.672952888098195
2015-10-02,0.6731924842766601
2015-10-05,0.6673030496769852
2015-10-06,0.6582484230308611
2015-10-07,0.6612868353646468
2015-10-08,0.6594311729254957
2015-10-09,0.6575494314139507
2015-10-12,0.65750866335306
2015-10-13,0.6574304117158059
2015-10-14,0.6566533059983152
2015-10-15,0.6562977255169309
2015-10-16,0.652916831807952
2015-10-19,0.6545504220363927
2015-10-20,0.6545558600025483
2015-10-21,0.6554069732875156
2015-10-22,0.6548248341292502
2015-10-23,0.6478983561915904
2015-10-26,0.6450345209553872
2015-10-27,0.6466843316744052
2015-10-28,0.6465840366185422
2015-10-29,0.6442612253009719
2015-10-30,0.6442585758279731
2015-11-02,0.6471465389229843
2015-11-03,0.6438710045611796
2015-11-04,0.6448723932544628
2015-11-05,0.6450864410911321
2015-11-06,0.6458043693614539
2015-11-09,0.6458939854901578
2015-11-10,0.6459840923298675
2015-11-11,0.646549271544611
2015-11-12,0.6472634153928296
2015-11-13,0.6427755100784763
2015-11-16,0.6411507300896598
2015-11-17,0.636051676035842
2015-11-18,0.6360247081361687
2015-11-19,0.6402301888980366
2015-11-20,0.6403457748943637
2015-11-23,0.6411098856525924
2015-11-24,0.6410743040913752
2015-11-25,0.6414056533977059
2015-11-27,0.6422447395343864
2015-11-30,0.6490460224004192
2015-12-01,0.6485883723108428
2015-12-02,0.6494843437523068
2015-12-03,0.649441796856809
2015-12-04,0.6450645960073591
2015-12-07,0.6353289415619117
2015-12-08,0.6357604945620986
2015-12-09,0.63491803772185
2015-12-10,0.6337023483199994
2015-12-11,0.6338951826162856
2015-12-14,0.6258353675098474
2015-12-15,0.6258501764442137
2015-12-16,0.6256809734181025
2015-12-17,0.6218809467911735
2015-12-18,0.6203555285974319
2015-12-21,0.6151389927399693
2015-12-22,0.6137616863426136
2015-12-23,0.6121328323204803
2015-12-24,0.6090770101907718
2015-12-28,0.6091230580463858
2015-12-29,0.6092597642159046
2015-12-30,0.6081531964443372
2015-12-31,0.6072849316768522
2016-01-04,0.6088849731398935
2016-01-05,0.6060733999734736
2016-01-06,0.6059973154741657
2016-01-07,0.6028129203826912
2016-01-08,0.5928656924491629
2016-01-11,0.5916639309355065
2016-01-12,0.5916649865585643
2016-01-13,0.5913572441570115
2016-01-14,0.5881179562099007
2016-01-15,0.6016027159691357
2016-01-19,0.6246957642485786
2016-01-20,0.6287234080495955
2016-01-21,0.6605429243194642
2016-01-22,0.6755356358232145
2016-01-25,0.6642957593052927
2016-01-26,0.6599167375273777
2016-01-27,0.6778967890363464
2016-01-28,0.6840607253047186
2016-01-29,0.683161545067855
2016-02-01,0.6730313096542688
2016-02-02,0.6902386488134034
2016-02-03,0.6856237370562841
2016-02-04,0.6857100692893116
2016-02-05,0.6862526603708718
2016-02-08,0.6772298880405544
2016-02-09,0.6768790219029086
2016-02-10,0.6792959482479262
2016-02-11,0.6793807694585094
2016-02-12,0.6823622504730584
2016-02-16,0.6721808968017101
2016-02-17,0.6685293102863972
2016-02-18,0.6615458635693512
2016-02-19,0.6612813208714575
2016-02-22,0.6612852177188787
2016-02-23,0.673925090840942
2016-02-24,0.6695630705616678
2016-02-25,0.6786005685736255
2016-02-26,0.6752657929081692
2016-02-29,0.6806774055550544
2016-03-01,0.6883249996059982
2016-03-02,0.6729639947885114
2016-03-03,0.6742492457225681
2016-03-04,0.6760352509261749
2016-03-07,0.6757400822972656
2016-03-08,0.6757646727283896
2016-03-09,0.6735939147332543
2016-03-10,0.673472604579429
2016-03-11,0.679497626181476
2016-03-14,0.672769041133018
2016-03-15,0.6727332392337675
2016-03-16,0.6726982914909236
2016-03-17,0.6727675719574834
2016-03-18,0.6790141851481468
2016-03-21,0.6818602236720751
2016-03-22,0.6819179943325487
2016-03-23,0.6820716000448814
2016-03-24,0.6849971592651147
2016-03-28,0.684997788575811
2016-03-29,0.6855796162303956
2016-03-30,0.6873985736529401
2016-03-31,0.6870498259164374
2016-04-01,0.6872736493327598
2016-04-04,0.6860992459986996
2016-04-05,0.685831717415536
2016-04-06,0.6856488057887514
2016-04-07,0.6825621583521797
2016-04-08,0.6788643092442866
2016-04-11,0.6841284985223245
2016-04-12,0.6875604262100601
2016-04-13,0.6911997024037687
2016-04-14,0.6884210011363388
2016-04-15,0.695883436876993
2016-04-18,0.6958921383300861
2016-04-19,0.6950601315141466
2016-04-20,0.6948359169765892
2016-04-21,0.6948611685311539
2016-04-22,0.694047538047737
2016-04-25,0.6940575622490655
2016-04-26,0.6946040045191766
2016-04-27,0.6978706977029895
2016-04-28,0.7014982261361169
2016-04-29,0.7053328423002745
2016-05-02,0.7176521346014746
2016-05-03,0.7172313048034084
2016-05-04,0.7161383557299698
2016-05-05,0.7169490089765894
2016-05-06,0.7171111765993062
2016-05-09,0.7298097199715183
2016-05-10,0.7305096584756303
2016-05-11,0.7290787732561526
2016-05-12,0.7329314530282511
2016-05-13,0.7410915928042017
2016-05-16,0.7503608894438294
2016-05-17,0.7490887451550493
2016-05-18,0.7484522674592977
2016-05-19,0.7541783314374396
2016-05-20,0.7537675390059743
2016-05-23,0.7525492710441491
2016-05-24,0.7567105809808501
2016-05-25,0.7516316547511191
2016-05-26,0.7533572659354144
2016-05-27,0.7628672268206366
2016-05-31,0.7623774381892794
2016-06-01,0.7697089387020565
2016-06-02,0.7953867569902832
2016-06-03,0.8014096164400005
2016-06-06,0.8007508959917395
2016-06-07,0.8021882479726914
2016-06-08,0.8356244172927311
2016-06-09,0.8480457544891143
2016-06-10,0.8773807089023982
2016-06-13,0.8710794679465299
2016-06-14,0.8757856245742061
2016-06-15,0.8762906987000211
2016-06-16,0.8984376685380545
2016-06-17,0.9164977414326944
2016-06-20,0.9271884362507848
2016-06-21,0.9355258763761674
2016-06-22,0.936792644206542
2016-06-23,0.9795919531706897
2016-06-24,0.9670138923485475
2016-06-27,0.8953385594838832
2016-06-28,0.8748137521953361
2016-06-29,0.8580943767802076
2016-06-30,0.8648056585208149
2016-07-01,0.8695859734172982
2016-07-05,0.869772688328673
2016-07-06,0.866091910745184
2016-07-07,0.8760486325068864
2016-07-08,0.8957836878156104
2016-07-11,0.8980976657740842
2016-07-12,0.913001825008211
2016-07-13,0.9129081355326183
2016-07-14,0.9129319046077264
2016-07-15,0.9237630356357951
2016-07-18,0.9367265665358997
2016-07-19,0.937393337217621
2016-07-20,0.9445665566080712
2016-07-21,0.9444455702505139
2016-07-22,0.9492101654174759
2016-07-25,0.9890842366210514
2016-07-26,0.9886262139488076
2016-07-27,0.9891934522278547
2016-07-28,0.989369044878607
2016-07-29,0.9893146592913002
2016-08-01,1.0
2016-08-02,1.0
2016-08-03,0.9987185016724027
2016-08-04,1.0
2016-08-05,1.0
2016-08-08,1.0
2016-08-09,1.0
2016-08-10,1.0
2016-08-11,1.0
2016-08-12,1.0
2016-08-15,1.0
2016-08-16,1.0
2016-08-17,1.0
2016-08-18,1.0
2016-08-19,1.0
2016-08-22,1.0
2016-08-23,1.0
2016-08-24,1.0
2016-08-25,1.0
2016-08-26,1.0
2016-08-29,1.0
2016-08-30,1.0
2016-08-31,1.0
2016-09-01,1.0
2016-09-02,1.0
2016-09-06,1.0
2016-09-07,1.0
2016-09-08,1.0
2016-09-09,1.0
2016-09-12,1.0
2016-09-13,1.0
2016-09-14,0.9833116779727957
2016-09-15,0.9832651719845753
2016-09-16,0.9755739898109805
2016-09-19,0.9744567068102526
2016-09-20,0.9746199428641568
2016-09-21,0.9821358824891653
2016-09-22,0.975511493748956
2016-09-23,0.9769390637119166
2016-09-26,0.9807181941366716
2016-09-27,0.9772831950280004
2016-09-28,0.9744307612243767
2016-09-29,0.9731559212262124
2016-09-30,0.9653456508172035
2016-10-03,0.9723548940557726
2016-10-04,0.9795056919671382
2016-10-05,0.9771209845001851
2016-10-06,0.9826297642941646
2016-10-07,0.989896009839209
2016-10-10,0.9972381083211768
2016-10-11,0.9958012349697674
2016-10-12,0.9827938308618815
2016-10-13,0.9853580047546799
2016-10-14,0.9848418121060583
2016-10-17,1.0
2016-10-18,1.0
2016-10-19,0.9999676390668318
2016-10-20,1.0
2016-10-21,1.0
2016-10-24,1.0
2016-10-25,0.9998448037662975
2016-10-26,0.9992841913071735
2016-10-27,1.0
2016-10-28,1.0
2016-10-31,1.0
2016-11-01,1.0
2016-11-02,1.0
2016-11-03,1.0
2016-11-04,1.0
2016-11-07,1.0
2016-11-08,0.9652022944664899
2016-11-09,0.9652455147334827
2016-11-10,0.9586255935407856
2016-11-11,0.9588569748098297
2016-11-14,0.958932050147031
2016-11-15,0.9723047358453583
2016-11-16,1.0
2016-11-17,1.0
2016-11-18,1.0
2016-11-21,1.0
2016-11-22,1.0
2016-11-23,1.0
2016-11-25,1.0
2016-11-28,1.0
2016-11-29,1.0
2016-11-30,1.0
2016-12-01,1.0
2016-12-02,1.0
2016-12-05,1.0
2016-12-06,1.0
2016-12-07,1.0
2016-12-08,1.0
2016-12-09,1.0
2016-12-12,1.0
2016-12-13,1.0
2016-12-14,1.0
2016-12-15,1.0
2016-12-16,1.0
2016-12-19,1.0
2016-12-20,1.0
2016-12-21,1.0
2016-12-22,1.0
2016-12-23,1.0
2016-12-27,1.0
2016-12-28,1.0
2016-12-29,1.0
2016-12-30,1.0
2017-01-03,1.0
2017-01-04,1.0
2017-01-05,1.0
2017-01-06,1.0
2017-01-09,1.0
2017-01-10,1.0
2017-01-11,1.0
2017-01-12,1.0
2017-01-13,1.0
2017-01-17,1.0
2017-01-18,1.0
2017-01-19,1.0
2017-01-20,1.0
2017-01-23,1.0
2017-01-24,1.0
2017-01-25,1.0
2017-01-26,1.0
2017-01-27,1.0
2017-01-30,1.0
2017-01-31,1.0
2017-02-01,1.0
2017-02-02,1.0
2017-02-03,1.0
2017-02-06,1.0
2017-02-07,1.0
2017-02-08,1.0
2017-02-09,1.0
2017-02-10,1.0
2017-02-13,1.0
2017-02-14,1.0
2017-02-15,1.0
2017-02-16,1.0
2017-02-17,1.0
2017-02-21,1.0
2017-02-22,1.0
2017-02-23,1.0
2017-02-24,1.0
2017-02-27,1.0
2017-02-28,1.0
2017-03-01,1.0
2017-03-02,1.0
2017-03-03,1.0
2017-03-06,1.0
2017-03-07,1.0
2017-03-08,1.0
2017-03-09,1.0
2017-03-10,1.0
2017-03-13,1.0
2017-03-14,1.0
2017-03-15,1.0
2017-03-16,1.0
2017-03-17,1.0
2017-03-20,1.0
2017-03-21,1.0
2017-03-22,1.0
2017-03-23,1.0
2017-03-24,1.0
2017-03-27,1.0
2017-03-28,1.0
2017-03-29,1.0
2017-03-30,1.0
2017-03-31,1.0
2017-04-03,1.0
2017-04-04,1.0
2017-04-05,1.0
2017-04-06,1.0
2017-04-07,1.0
2017-04-10,1.0
2017-04-11,1.0
2017-04-12,1.0
2017-04-13,1.0
2017-04-17,1.0
2017-04-18,1.0
2017-04-19,1.0
2017-04-20,1.0
2017-04-21,1.0
2017-04-24,1.0
2017-04-25,1.0
2017-04-26,1.0
2017-04-27,1.0
2017-04-28,1.0
2017-05-01,1.0
2017-05-02,1.0
2017-05-03,1.0
2017-05-04,1.0
2017-05-05,1.0
2017-05-08,1.0
2017-05-09,1.0
2017-05-10,1.0
2017-05-11,1.0
2017-05-12,1.0
2017-05-15,1.0
2017-05-16,1.0
2017-05-17,1.0
2017-05-18,1.0
2017-05-19,1.0
2017-05-22,1.0
2017-05-23,1.0
2017-05-24,1.0
2017-05-25,1.0
2017-05-26,1.0
2017-05-30,1.0
2017-05-31,1.0
2017-06-01,1.0
2017-06-02,1.0
2017-06-05,1.0
2017-06-06,1.0
2017-06-07,1.0
2017-06-08,1.0
2017-06-09,1.0
2017-06-12,1.0
2017-06-13,1.0
2017-06-14,1.0
2017-06-15,1.0
2017-06-16,1.0
2017-06-19,1.0
2017-06-20,1.0
2017-06-21,1.0
2017-06-22,1.0
2017-06-23,1.0
2017-06-26,1.0
2017-06-27,1.0
2017-06-28,1.0
2017-06-29,1.0
2017-06-30,1.0
2017-07-03,1.0
2017-07-05,1.0
2017-07-06,1.0
2017-07-07,1.0
2017-07-10,1.0
2017-07-11,1.0
2017-07-12,1.0
2017-07-13,1.0
2017-07-14,1.0
2017-07-17,1.0
2017-07-18,1.0
2017-07-19,1.0
2017-07-20,1.0
2017-07-21,1.0
2017-07-24,1.0
2017-07-25,1.0
2017-07-26,1.0
2017-07-27,1.0
2017-07-28,1.0
2017-07-31,1.0
2017-08-01,1.0
2017-08-02,1.0
2017-08-03,1.0
2017-08-04,1.0
2017-08-07,1.0
2017-08-08,1.0
2017-08-09,1.0
2017-08-10,1.0
2017-08-11,1.0
2017-08-14,1.0
2017-08-15,1.0
2017-08-16,1.0
2017-08-17,1.0
2017-08-18,1.0
2017-08-21,1.0
2017-08-22,1.0
2017-08-23,1.0
2017-08-24,1.0
2017-08-25,1.0
2017-08-28,1.0
2017-08-29,1.0
2017-08-30,1.0
2017-08-31,1.0
2017-09-01,1.0
2017-09-05,1.0
2017-09-06,1.0
2017-09-07,1.0
2017-09-08,1.0
2017-09-11,1.0
2017-09-12,1.0
2017-09-13,1.0
2017-09-14,1.0
2017-09-15,1.0
2017-09-18,1.0
2017-09-19,1.0
2017-09-20,1.0
2017-09-21,1.0
2017-09-22,1.0
2017-09-25,1.0
2017-09-26,1.0
2017-09-27,1.0
2017-09-28,1.0
2017-09-29,1.0
2017-10-02,1.0
2017-10-03,1.0
2017-10-04,1.0
2017-10-05,1.0
2017-10-06,1.0
2017-10-09,1.0
2017-10-10,1.0
2017-10-11,1.0
2017-10-12,1.0
2017-10-13,1.0
2017-10-16,1.0
2017-10-17,1.0
2017-10-18,1.0
2017-10-19,1.0
2017-10-20,1.0
2017-10-23,1.0
2017-10-24,1.0
2017-10-25,1.0
2017-10-26,1.0
2017-10-27,1.0
2017-10-30,1.0
2017-10-31,1.0
2017-11-01,1.0
2017-11-02,1.0
2017-11-03,1.0
2017-11-06,1.0
2017-11-07,1.0
2017-11-08,1.0
2017-11-09,1.0
2017-11-10,1.0
2017-11-13,1.0
2017-11-14,1.0
2017-11-15,1.0
2017-11-16,1.0
2017-11-17,1.0
2017-11-20,1.0
2017-11-21,1.0
2017-11-22,1.0
2017-11-24,1.0
2017-11-27,1.0
2017-11-28,1.0
2017-11-29,1.0
2017-11-30,1.0
2017-12-01,1.0
2017-12-04,1.0
2017-12-05,1.0
2017-12-06,1.0
2017-12-07,1.0
2017-12-08,1.0
2017-12-11,1.0
2017-12-12,1.0
2017-12-13,1.0
2017-12-14,1.0
2017-12-15,1.0
2017-12-18,1.0
2017-12-19,1.0
2017-12-20,1.0
2017-12-21,1.0
2017-12-22,1.0
2017-12-26,1.0
2017-12-27,1.0
2017-12-28,1.0
2017-12-29,1.0
2018-01-02,1.0
2018-01-03,1.0
2018-01-04,1.0
2018-01-05,1.0
2018-01-08,1.0
2018-01-09,1.0
2018-01-10,1.0
2018-01-11,1.0
2018-01-12,1.0
2018-01-16,1.0
2018-01-17,1.0
2018-01-18,1.0
2018-01-19,1.0
2018-01-22,1.0
2018-01-23,1.0
2018-01-24,1.0
2018-01-25,1.0
2018-01-26,1.0
2018-01-29,1.0
2018-01-30,1.0
2018-01-31,1.0
2018-02-01,1.0
2018-02-02,1.0
2018-02-05,1.0
2018-02-06,1.0
2018-02-07,1.0
2018-02-08,1.0
2018-02-09,1.0
2018-02-12,0.9849817265037683
2018-02-13,0.970394011060659
2018-02-14,0.9700645022847532
2018-02-15,0.9585204774859865
2018-02-16,0.94894292940416
2018-02-20,0.949655648447334
2018-02-21,0.9462930547477963
2018-02-22,0.9441292085582372
2018-02-23,0.9441409939106169
2018-02-26,0.9282235730767341
2018-02-27,0.9207163702470601
2018-02-28,0.9082213516971399
2018-03-01,0.8990186979602595
2018-03-02,0.8882864954200942
2018-03-05,0.887163121935188
2018-03-06,0.8809564377976946
2018-03-07,0.8808875307046892
2018-03-08,0.8808868926613329
2018-03-09,0.8803664795744872
2018-03-12,0.8645132641659109
2018-03-13,0.8642983685181371
2018-03-14,0.8613618902949999
2018-03-15,0.8589980098679547
2018-03-16,0.8588822643596183
2018-03-19,0.8599211535110884
2018-03-20,0.8488172953292938
2018-03-21,0.8488318186389883
2018-03-22,0.8500063574602106
2018-03-23,0.8157145526743408
2018-03-26,0.7974225323756231
2018-03-27,0.7679052815731557
2018-03-28,0.7557346434974481
2018-03-29,0.7554640435016975
2018-04-02,0.7486037906554128
2018-04-03,0.7305123980954871
2018-04-04,0.7252368830198229
2018-04-05,0.7209345842014703
2018-04-06,0.7195418399896796
2018-04-09,0.7041396728403527
2018-04-10,0.70384785464834
2018-04-11,0.6957289900370762
2018-04-12,0.6949260662668212
2018-04-13,0.6940897230565297
2018-04-16,0.695604597003759
2018-04-17,0.6940807284131452
2018-04-18,0.6910583047981115
2018-04-19,0.692134049128267
2018-04-20,0.6910730408919117
2018-04-23,0.688870447974483
2018-04-24,0.688881220594273
2018-04-25,0.6862335814076399
2018-04-26,0.6861462675578329
2018-04-27,0.6849807409930646
2018-04-30,0.6850780321468617
2018-05-01,0.6831689487700083
2018-05-02,0.6834046670416529
2018-05-03,0.681910466759278
2018-05-04,0.6820085705821661
2018-05-07,0.6783438126387726
2018-05-08,0.6782976670488535
2018-05-09,0.6783579654041977
2018-05-10,0.6758609151924098
2018-05-11,0.674092603402801
2018-05-14,0.676094331462167
2018-05-15,0.6768141209351417
2018-05-16,0.6757859429516798
2018-05-17,0.6753931661542013
2018-05-18,0.6754578133943553
2018-05-21,0.6752600916805436
2018-05-22,0.673890401565976
2018-05-23,0.6736036113479315
2018-05-24,0.6734225778708285
2018-05-25,0.6740733403543135
2018-05-29,0.6756946041593974
2018-05-30,0.6731256067713091
2018-05-31,0.6692842215559348
2018-06-01,0.6693744807520505
2018-06-04,0.6663365577883295
2018-06-05,0.6658537452918236
2018-06-06,0.6658725250054629
2018-06-07,0.665257022288809
2018-06-08,0.6664320953466442
2018-06-11,0.6664950892049273
2018-06-12,0.6687889045887645
2018-06-13,0.6687677801866005
2018-06-14,0.6688802087646342
2018-06-15,0.670476823740931
2018-06-18,0.670608214318495
2018-06-19,0.6705142021301101
2018-06-20,0.6701529854322438
2018-06-21,0.6739669987730117
2018-06-22,0.67409729827527
2018-06-25,0.6770617061353281
2018-06-26,0.6721299114596521
2018-06-27,0.6719543421137099
2018-06-28,0.6823080676720934
2018-06-29,0.7361988783732629
2018-07-02,0.7467479375968731
2018-07-03,0.7474037984965236
2018-07-05,0.8079684856076276
2018-07-06,0.8145881042153216
2018-07-09,0.8201489696982318
2018-07-10,0.8169864658751745
2018-07-11,0.824681365473213
2018-07-12,0.828858829806573
2018-07-13,0.8252362761072485
2018-07-16,0.8270780416772697
2018-07-17,0.8286972213086264
2018-07-18,0.8280653031861777
2018-07-19,0.8403553374905179
2018-07-20,0.8464901566902457
2018-07-23,0.855540581363555
2018-07-24,0.8627259559018658
2018-07-25,0.8727013751038832
2018-07-26,0.8696519041958274
2018-07-27,0.8753724592375024
2018-07-30,0.8728176756735405
2018-07-31,0.8706953001472986
2018-08-01,0.8704805631346318
2018-08-02,0.8878302698931835
2018-08-03,0.8865367624008847
2018-08-06,0.8880167039190602
2018-08-07,0.8896495377358518
2018-08-08,0.8893624847545074
2018-08-09,0.8894438661150105
2018-08-10,0.9030546592797676
2018-08-13,0.899383378685048
2018-08-14,0.8984539433830232
2018-08-15,0.9428456968158572
2018-08-16,0.9749354515752083
2018-08-17,1.0
2018-08-20,1.0
2018-08-21,1.0
2018-08-22,1.0
2018-08-23,1.0
2018-08-24,1.0
2018-08-27,1.0
2018-08-28,1.0
2018-08-29,1.0
2018-08-30,1.0
2018-08-31,1.0
2018-09-04,1.0
2018-09-05,1.0
2018-09-06,1.0
2018-09-07,1.0
2018-09-10,1.0
2018-09-11,1.0
2018-09-12,1.0
2018-09-13,1.0
2018-09-14,1.0
2018-09-17,1.0
2018-09-18,1.0
2018-09-19,1.0
2018-09-20,1.0
2018-09-21,1.0
2018-09-24,1.0
2018-09-25,1.0
2018-09-26,1.0
2018-09-27,1.0
2018-09-28,1.0
2018-10-01,1.0
2018-10-02,1.0
2018-10-03,1.0
2018-10-04,1.0
2018-10-05,1.0
2018-10-08,1.0
2018-10-09,1.0
2018-10-10,1.0
2018-10-11,1.0
2018-10-12,1.0
2018-10-15,1.0
2018-10-16,1.0
2018-10-17,1.0
2018-10-18,1.0
2018-10-19,1.0
2018-10-22,1.0
2018-10-23,1.0
2018-10-24,1.0
2018-10-25,1.0
2018-10-26,0.9903010084965809
2018-10-29,0.9721244604010227
2018-10-30,0.969090130123033
2018-10-31,0.9501738788987734
2018-11-01,0.9411108541885937
2018-11-02,0.9330396985334949
2018-11-05,0.931389199610192
2018-11-06,0.92952455968156
2018-11-07,0.9267195712342429
2018-11-08,0.8975809837364361
2018-11-09,0.8982465758511813
2018-11-12,0.8928658700107536
2018-11-13,0.8713414838716874
2018-11-14,0.8714553870247042
2018-11-15,0.8792917334910868
2018-11-16,0.8729640272830965
2018-11-19,0.8771983169469098
2018-11-20,0.8629572369597297
2018-11-21,0.8449241865601487
2018-11-23,0.8449329350917291
2018-11-26,0.843990771719322
2018-11-27,0.8352272159114644
2018-11-28,0.8385122316347515
2018-11-29,0.816254725062311
2018-11-30,0.8166981058699471
2018-12-03,0.8157662693690233
2018-12-04,0.8137248398471532
2018-12-06,0.7671936372157232
2018-12-07,0.7671578852129738
2018-12-10,0.7474750181954908
2018-12-11,0.7475516372778563
2018-12-12,0.7479576034760222
2018-12-13,0.7466391577151288
2018-12-14,0.7468462221338208
2018-12-17,0.7355019202773883
2018-12-18,0.7251523726102476
2018-12-19,0.725231643619333
2018-12-20,0.7193292502049414
2018-12-21,0.7130096140218928
2018-12-24,0.7024514487762333
2018-12-26,0.6828827074883904
2018-12-27,0.6227492782424978
2018-12-28,0.6214371407830361
2018-12-31,0.6219420421258479
2019-01-02,0.6202759113588261
2019-01-03,0.6201592737544832
2019-01-04,0.6086915847781249
2019-01-07,0.5861415546704798
2019-01-08,0.5851434808820456
2019-01-09,0.5841001339569808
2019-01-10,0.5844504386234335
2019-01-11,0.5852967132155592
2019-01-14,0.5856040385283102
2019-01-15,0.5854806517061512
2019-01-16,0.5832567492273455
2019-01-17,0.5830895845138965
2019-01-18,0.5818653336760329
2019-01-22,0.5793741265464369
2019-01-23,0.5775285538686132
2019-01-24,0.5773852367573986
2019-01-25,0.5780444827756986
2019-01-28,0.5767630986278949
2019-01-29,0.575954554495142
2019-01-30,0.5759587588322699
2019-01-31,0.5716059694580755
2019-02-01,0.5703453004420914
2019-02-04,0.5703505015225719
2019-02-05,0.5695726640283006
2019-02-06,0.5694229562359479
2019-02-07,0.5693902304822693
2019-02-08,0.5687054370692705
2019-02-11,0.5686900668789445
2019-02-12,0.5690520083450583
2019-02-13,0.5667155424630073
2019-02-14,0.5665625530156689
2019-02-15,0.5676344933669476
2019-02-19,0.5655401920442246
2019-02-20,0.5656199735923335
2019-02-21,0.5655500605248033
2019-02-22,0.565527589865105
2019-02-25,0.5649458707911682
2019-02-26,0.5649051855665453
2019-02-27,0.5651672196166255
2019-02-28,0.5651671604005021
2019-03-01,0.565101324454695
2019-03-04,0.5652201480475886
2019-03-05,0.5654517369739082
2019-03-06,0.5654415327845388
2019-03-07,0.5648490014548215
2019-03-08,0.5821284059093556
2019-03-11,0.5897028008461785
2019-03-12,0.5894683441151077
2019-03-13,0.5899795216559481
2019-03-14,0.5974178823090082
2019-03-15,0.5974048632563211
2019-03-18,0.6010007377382994
2019-03-19,0.6007739261149523
2019-03-20,0.6011704134124363
2019-03-21,0.6016190260144056
2019-03-22,0.6199246487123977
2019-03-25,0.6185272981923292
2019-03-26,0.6253108391644225
2019-03-27,0.6254847512505246
2019-03-28,0.6298079303884041
2019-03-29,0.6319766572395493
2019-04-01,0.6333767996728223
2019-04-02,0.631656245403952
2019-04-03,0.6322307332467952
2019-04-04,0.6329182283408776
2019-04-05,0.6426353472451178
2019-04-08,0.6423706286480176
2019-04-09,0.6445267832320554
2019-04-10,0.6535139018565923
2019-04-11,0.6534095093599714
2019-04-12,0.6550758047791617
2019-04-15,0.6566349213180479
2019-04-16,0.6566607444073868
2019-04-17,0.6644338635566066
2019-04-18,0.6739075701562571
2019-04-22,0.6740168065548932
2019-04-23,0.6755579369085183
2019-04-24,0.6796096173790619
2019-04-25,0.6794975901814578
2019-04-26,0.6932340729255266
2019-04-29,0.6930052980640521
2019-04-30,0.6946438900421301
2019-05-01,0.6977983630292639
2019-05-02,0.7319772353501577
2019-05-03,0.7318678583011793
2019-05-06,0.7508857072922775
2019-05-07,0.749743559161347
2019-05-08,0.7384942034336861
2019-05-09,0.7390127844917546
2019-05-10,0.7385243154323241
2019-05-13,0.7531737199510457
2019-05-14,0.7470959295205692
2019-05-15,0.745354337904432
2019-05-16,0.7549478511581729
2019-05-17,0.7644056894326012
2019-05-20,0.7826694283627813
2019-05-21,0.8181516756661629
2019-05-22,0.9464696279124569
2019-05-23,0.9488870148639537
2019-05-24,0.9362650323377318
2019-05-28,0.9400710796364878
2019-05-29,0.9334307987497277
2019-05-30,0.9817639659222638
2019-05-31,1.0
2019-06-03,1.0
2019-06-04,1.0
2019-06-05,1.0
2019-06-06,1.0
2019-06-07,1.0
2019-06-10,1.0
2019-06-11,1.0
2019-06-12,1.0
2019-06-13,1.0
2019-06-14,1.0
2019-06-17,1.0
2019-06-18,1.0
2019-06-19,1.0
2019-06-20,1.0
2019-06-21,1.0
2019-06-24,1.0
2019-06-25,1.0
2019-06-26,1.0
2019-06-27,1.0
2019-06-28,1.0
2019-07-01,1.0
2019-07-02,1.0
2019-07-03,1.0
2019-07-05,1.0
2019-07-08,1.0
2019-07-09,1.0
2019-07-10,1.0
2019-07-11,1.0
2019-07-12,1.0
2019-07-15,1.0
2019-07-16,1.0
2019-07-17,1.0
2019-07-18,1.0
2019-07-19,1.0
2019-07-22,1.0
2019-07-23,1.0
2019-07-24,1.0
2019-07-25,1.0
2019-07-26,1.0
2019-07-29,1.0
2019-07-30,1.0
2019-07-31,1.0
2019-08-01,1.0
2019-08-02,1.0
2019-08-05,1.0
2019-08-06,1.0
2019-08-07,0.9925034503773168
2019-08-08,0.9944228509783081
2019-08-09,0.967468377459674
2019-08-12,0.9636198229224568
2019-08-13,0.951996642679567
2019-08-14,0.9439308986656129
2019-08-15,0.9074325318208092
2019-08-16,0.9071479859894143
2019-08-19,0.8973518486015492
2019-08-20,0.8902753995387793
2019-08-21,0.8866494411620055
2019-08-22,0.8853284874217362
2019-08-23,0.8931574915472611
2019-08-26,0.8524032460121602
2019-08-27,0.8461676067709933
2019-08-28,0.8458539920411149
2019-08-29,0.8447187779528664
2019-08-30,0.8364822499034528
2019-09-03,0.8384763704133535
2019-09-04,0.8364905423978239
2019-09-05,0.8306652715434732
2019-09-06,0.8245962480236497
2019-09-09,0.8246115950884957
2019-09-10,0.8246093260188184
2019-09-11,0.8249269926874112
2019-09-12,0.8226508778690494
2019-09-13,0.8223559290779635
2019-09-16,0.8258841325367797
2019-09-17,0.8256099755488402
2019-09-18,0.8253604895747593
2019-09-19,0.826336049589291
2019-09-20,0.826370211306196
2019-09-23,0.8251088160502044
2019-09-24,0.8280821917819845
2019-09-25,0.8246197340252526
2019-09-26,0.8272730815717874
2019-09-27,0.8280121486805001
2019-09-30,0.8410337941802659
2019-10-01,0.8400473312095287
2019-10-02,0.8323836471582071
2019-10-03,0.816620681180072
2019-10-04,0.8442134783410667
2019-10-07,0.8373359176975687
2019-10-08,0.8376697875747212
2019-10-09,0.8286532133026306
2019-10-10,0.8264536111746268
2019-10-11,0.8270607375711263
2019-10-14,0.8248150377259033
2019-10-15,0.82516936167303
2019-10-16,0.828508743178025
2019-10-17,0.8282040588088274
2019-10-18,0.8320951152670718
2019-10-21,0.8339771350159817
2019-10-22,0.8321590420784952
2019-10-23,0.8414395296061278
2019-10-24,0.8419366010903302
2019-10-25,0.8647086949461427
2019-10-28,0.8672300948293771
2019-10-29,0.8675588696750632
2019-10-30,0.8730709473235241
2019-10-31,0.8736322438196551
2019-11-01,0.8729340965707091
2019-11-04,0.8685582205201664
2019-11-05,0.868706443770535
2019-11-06,0.8688066317605989
2019-11-07,0.8688116299241546
2019-11-08,0.8733597230427943
2019-11-11,0.8734700669701904
2019-11-12,0.8778437804176957
2019-11-13,0.8779458391452665
2019-11-14,0.8782358803883936
2019-11-15,0.8843853375251108
2019-11-18,0.8815963195517992
2019-11-19,0.8821950839454173
2019-11-20,0.8837006484684125
2019-11-21,0.8856664457019363
2019-11-22,0.8857869834360413
2019-11-25,0.8888306471255529
2019-11-26,0.8860604627155771
2019-11-27,0.8876490716435994
2019-11-29,0.8868720698003592
2019-12-02,0.8865735271995177
2019-12-03,0.8817295032491403
2019-12-04,0.8799027816522733
2019-12-05,0.8777347024338866
2019-12-06,0.8784991879719753
2019-12-09,0.8769617025165867
2019-12-10,0.8767291509671766
2019-12-11,0.8792493358475932
2019-12-12,0.8792269311448497
2019-12-13,0.8777554237585609
2019-12-16,0.8787862696354648
2019-12-17,0.878223650788172
2019-12-18,0.8809928734322446
2019-12-19,0.8812174061164555
2019-12-20,0.8809194131579577
2019-12-23,0.8881133855343274
2019-12-24,0.8942019481384629
2019-12-26,0.898425317636408
2019-12-27,0.9676696637320842
2019-12-30,0.9786964412131582
2019-12-31,0.9747454024965582
2020-01-02,1.0
2020-01-03,1.0
2020-01-06,1.0
2020-01-07,1.0
2020-01-08,1.0
2020-01-09,1.0
2020-01-10,1.0
2020-01-13,1.0
2020-01-14,1.0
2020-01-15,1.0
2020-01-16,1.0
2020-01-17,1.0
2020-01-21,1.0
2020-01-22,1.0
2020-01-23,1.0
2020-01-24,1.0
2020-01-27,1.0
2020-01-28,1.0
2020-01-29,1.0
2020-01-30,1.0
2020-01-31,1.0
2020-02-03,1.0
2020-02-04,1.0
2020-02-05,1.0
2020-02-06,1.0
2020-02-07,1.0
2020-02-10,1.0
2020-02-11,1.0
2020-02-12,1.0
2020-02-13,1.0
2020-02-14,1.0
2020-02-18,1.0
2020-02-19,1.0
2020-02-20,1.0
2020-02-21,1.0
2020-02-24,1.0
2020-02-25,1.0
2020-02-26,0.9658975231611665
2020-02-27,0.9934575235798344
2020-02-28,0.8537241429414829
2020-03-02,0.860711012157193
2020-03-03,0.7669754440192814
2020-03-04,0.7449115269753542
2020-03-05,0.6927827128164763
2020-03-06,0.6602450647395601
2020-03-09,0.6555690460844193
2020-03-10,0.5407758298769523
2020-03-11,0.5115823746952715
2020-03-12,0.48488278448814387
2020-03-13,0.4093564998293204
2020-03-16,0.3674612525589589
2020-03-17,0.3131107659595391
2020-03-18,0.30371597187731875
2020-03-19,0.29746834921370197
2020-03-20,0.29739665615890704
2020-03-23,0.2935003841390091
2020-03-24,0.29206040876081346
2020-03-25,0.27494310016171597
2020-03-26,0.27465734829053784
2020-03-27,0.26781654997721177
2020-03-30,0.2662411911168721
2020-03-31,0.2643033606600213
2020-04-01,0.2639621946137964
2020-04-02,0.26099362266697484
2020-04-03,0.2600788231046542
2020-04-06,0.2598430671058554
2020-04-07,0.252604094376698
2020-04-08,0.25261736600218815
2020-04-09,0.2509120922310441
2020-04-13,0.25058284372738643
2020-04-14,0.2505772657441641
2020-04-15,0.2492389022583742
2020-04-16,0.24862394023058998
2020-04-17,0.24856906917253418
2020-04-20,0.24756066749129535
2020-04-21,0.24717837399174725
2020-04-22,0.24608458560202912
2020-04-23,0.24534967353479759
2020-04-24,0.2453863717858535
2020-04-27,0.2451068142658083
2020-04-28,0.2448725889245784
2020-04-29,0.24489146529852351
2020-04-30,0.24401939656121363
2020-05-01,0.24392963095145082
2020-05-04,0.24308470388854395
2020-05-05,0.24305545394020422
2020-05-06,0.2429304199434077
2020-05-07,0.2429023095201112
2020-05-08,0.24282186449033238
2020-05-11,0.2424320225740904
2020-05-12,0.2425103418794448
2020-05-13,0.2420220346517349
2020-05-14,0.24168365654080726
2020-05-15,0.24152366925508983
2020-05-18,0.24153780377584644
2020-05-19,0.24027364384110395
2020-05-20,0.24016108241499867
2020-05-21,0.23983418978072213
2020-05-22,0.23977722554494077
2020-05-26,0.23979353494911845
2020-05-27,0.23960407585998864
2020-05-28,0.23941414823653384
2020-05-29,0.23946143826466187
2020-06-01,0.23944656155962815
2020-06-02,0.23942942269882447
2020-06-03,0.23937286801151042
2020-06-04,0.23919506119841027
2020-06-05,0.2391917720139635
2020-06-08,0.2384265527015689
2020-06-09,0.23825065404239654
2020-06-10,0.2381863123089648
2020-06-11,0.2382458239884233
2020-06-12,0.23407434963563484
2020-06-15,0.2338578496031954
2020-06-16,0.2337653843645926
2020-06-17,0.23334127080807976
2020-06-18,0.23341201916341936
2020-06-19,0.23367667223424293
2020-06-22,0.23377041331280846
2020-06-23,0.23371527674091183
2020-06-24,0.23370421428966137
2020-06-25,0.23330087808019476
2020-06-26,0.23322176928352334
2020-06-29,0.23285961374896724
2020-06-30,0.23275537015313064
2020-07-01,0.23248556487675362
2020-07-02,0.23247382660684332
2020-07-06,0.2325143404011295
2020-07-07,0.23222297464488528
2020-07-08,0.23216217493766633
2020-07-09,0.2320839327179136
2020-07-10,0.2320632537455453
2020-07-13,0.23193444485549355
2020-07-14,0.23188096815192016
2020-07-15,0.2316784580367203
2020-07-16,0.2316926662102159
2020-07-17,0.23295496947947286
2020-07-20,0.23401976729619417
2020-07-21,0.23396667282409164
2020-07-22,0.23637967358179843
2020-07-23,0.23645277174507326
2020-07-24,0.2385683054423846
2020-07-27,0.23953392964682158
2020-07-28,0.24152579584663092
2020-07-29,0.2430035559397794
2020-07-30,0.2432434656394299
2020-07-31,0.25185046854197335
2020-08-03,0.25493784385596446
2020-08-04,0.25888936641487226
2020-08-05,0.2766020069338348
2020-08-06,0.2916650255261349
2020-08-07,0.3380012568217225
2020-08-10,0.3488521572277436
2020-08-11,0.36139800333160155
2020-08-12,0.3608733643689236
2020-08-13,0.3703011686771718
2020-08-14,0.37533612318136855
2020-08-17,0.41548548517099726
2020-08-18,0.4159221058225298
2020-08-19,0.43887214361907223
2020-08-20,0.44904119043511487
2020-08-21,0.4565614412542022
2020-08-24,0.45955121456474235
2020-08-25,0.48035668011751814
2020-08-26,0.48407820541075486
2020-08-27,0.48704707766361166
2020-08-28,0.5368124639926096
2020-08-31,0.5368522647840033
2020-09-01,0.5500670376547685
2020-09-02,0.5518100196259693
2020-09-03,0.551752865464683
2020-09-04,0.5420592521015758
2020-09-08,0.5490370854974607
2020-09-09,0.5364852810858595
2020-09-10,0.5403357932425608
2020-09-11,0.5405004568690569
2020-09-14,0.5563375102102083
2020-09-15,0.5611901471553288
2020-09-16,0.5611167688114209
2020-09-17,0.5626997523392935
2020-09-18,0.5637382539659879
2020-09-21,0.5618962802425223
2020-09-22,0.569174231833785
2020-09-23,0.5695563068625648
2020-09-24,0.5736060386475469
2020-09-25,0.5737016219253288
2020-09-28,0.5711887014943515
2020-09-29,0.5689475322670424
2020-09-30,0.5698826838483646
2020-10-01,0.5729856980783264
2020-10-02,0.5727631550146299
2020-10-05,0.5789979178400269
2020-10-06,0.5809779073057679
2020-10-07,0.578275846806915
2020-10-08,0.5742738513815507
2020-10-09,0.5885462935066682
2020-10-12,0.590314825711171
2020-10-13,0.5904382771583655
2020-10-14,0.5909121538121288
2020-10-15,0.589652687923561
2020-10-16,0.5915306839471708
2020-10-19,0.5947466249494856
2020-10-20,0.5891723587526528
2020-10-21,0.5891831460528868
2020-10-22,0.5890911579857245
2020-10-23,0.5896864562459208
2020-10-26,0.5924214934584899
2020-10-27,0.5857301880226529
2020-10-28,0.5970131072060431
2020-10-29,0.5759574212744116
2020-10-30,0.5747591755632846
2020-11-02,0.572682488436597
2020-11-03,0.6445079949962297
2020-11-04,0.6413710500211075
2020-11-05,0.6327452028468927
2020-11-06,0.6323547757464696
2020-11-09,0.6328193075463853
2020-11-10,0.630429501033734
2020-11-11,0.6313498812657277
2020-11-12,0.6310592115861832
2020-11-13,0.628431124523309
2020-11-16,0.6423950111827335
2020-11-17,0.6420882339837797
2020-11-18,0.6577654365957591
2020-11-19,0.65748261036214
2020-11-20,0.6621609180129384
2020-11-23,0.6607768079296674
2020-11-24,0.6605689180230198
2020-11-25,0.6603646563128311
2020-11-27,0.6639973503919805
2020-11-30,0.6650315610696884
2020-12-01,0.6653887478779325
2020-12-02,0.6649985667748973
2020-12-03,0.6680819882893195
2020-12-04,0.6717178289699697
2020-12-07,0.6718163987046877
2020-12-08,0.6721365938783213
2020-12-09,0.6721413072698019
2020-12-10,0.6711745823493479
2020-12-11,0.6710151859000194
2020-12-14,0.6714189704827774
2020-12-15,0.6755545712823742
2020-12-16,0.6734661877432397
2020-12-17,0.6744380252527521
2020-12-18,0.6756157989154792
2020-12-21,0.678262532185357
2020-12-22,0.6782182093058786
2020-12-23,0.6790432173022101
2020-12-24,0.6800333961004315
2020-12-28,0.6800435576348874
2020-12-29,0.679235020275289
2020-12-30,0.679702648225542
2020-12-31,0.6797060212418042
2021-01-04,0.6789955338712583
2021-01-05,0.674292889777966
2021-01-06,0.677831333351548
2021-01-07,0.6774873586141421
2021-01-08,0.6724982579370065
2021-01-11,0.6720703785015059
2021-01-12,0.6704928295298997
2021-01-13,0.671308736398309
2021-01-14,0.6713807105661359
2021-01-15,0.6708779763438713
2021-01-19,0.671214407068347
2021-01-20,0.6700383309659907
2021-01-21,0.667888910194261
2021-01-22,0.6678876308439264
2021-01-25,0.6683443031246674
2021-01-26,0.6684151379011412
2021-01-27,0.6694051541366705
2021-01-28,0.6565442674059234
2021-01-29,0.6901529913172038
2021-02-01,0.6806737048305118
2021-02-02,0.6989186042581049
2021-02-03,0.7047963951749444
2021-02-04,0.7162611110522306
2021-02-05,0.713450967436342
2021-02-08,0.7173367523434829
2021-02-09,0.7166463520900104
2021-02-10,0.717631385321007
2021-02-11,0.7207646640897872
2021-02-12,0.726278713384624
2021-02-16,0.7321066881791584
2021-02-17,0.7345561734568967
2021-02-18,0.7589333347764248
2021-02-19,0.7574334523042027
2021-02-22,0.7646291512800468
2021-02-23,0.7694325840388636
2021-02-24,0.7710383182227544
2021-02-25,0.7690024416726717
2021-02-26,0.7433990190620603
2021-03-01,0.7464054447157435
2021-03-02,0.7384332222326838
2021-03-03,0.7437809776084364
2021-03-04,0.7455303747991
2021-03-05,0.7396753946048709
2021-03-08,0.7299892566350787
2021-03-09,0.7368836890174749
2021-03-10,0.7326231056251524
2021-03-11,0.7338267456124962
2021-03-12,0.7311584059880135
2021-03-15,0.7311985204726865
2021-03-16,0.7414766319570505
2021-03-17,0.7415381199301436
2021-03-18,0.7419378737951028
2021-03-19,0.7331279165228806
2021-03-22,0.7331795133501284
2021-03-23,0.7465045326200198
2021-03-24,0.7442018669290577
2021-03-25,0.7991652776589397
2021-03-26,0.8033094791110614
2021-03-29,0.8024233459815528
2021-03-30,0.8070146220990081
2021-03-31,0.8179086511626936
2021-04-01,0.8383391241335133
2021-04-05,0.8496194721598693
2021-04-06,0.840885678246059
2021-04-07,0.8460884886976899
2021-04-08,0.8465052295111706
2021-04-09,0.848167023915869
2021-04-12,0.8532337588175585
2021-04-13,0.8611471184386513
2021-04-14,0.8668821180846751
2021-04-15,0.8673533287237426
2021-04-16,0.87195517426848
2021-04-19,0.8720423563875683
2021-04-20,0.8733831694126653
2021-04-21,0.8703028953668762
2021-04-22,0.879301748041803
2021-04-23,0.8731368730181581
2021-04-26,0.8679127405058518
2021-04-27,0.8700112786389975
2021-04-28,0.8755171390009567
2021-04-29,0.8752506224336893
2021-04-30,0.8737622780506664
2021-05-03,0.8727879887567691
2021-05-04,0.8732532873570886
2021-05-05,0.869721263359582
2021-05-06,0.8746704595675127
2021-05-07,0.8723266892074298
2021-05-10,0.8706749101920789
2021-05-11,0.8644267391865063
2021-05-12,0.8663728512747666
2021-05-13,0.8381423372568988
2021-05-14,0.832926491151847
2021-05-17,0.8245249804511744
2021-05-18,0.8251289783077056
2021-05-19,0.8209942248385131
2021-05-20,0.8201964960779166
2021-05-21,0.8162231466847394
2021-05-24,0.8188168871811489
2021-05-25,0.8156794132718486
2021-05-26,0.8151596258555739
2021-05-27,0.8164749114832225
2021-05-28,0.8291606317858462
2021-06-01,0.8308621566019548
2021-06-02,0.8317583254051281
2021-06-03,0.8414090293500568
2021-06-04,0.8413669557220302
2021-06-07,0.8411832164055751
2021-06-08,0.8410228201168493
2021-06-09,0.8410611827703793
2021-06-10,0.8418441922343508
2021-06-11,0.8448686282499525
2021-06-14,0.8474256306447512
2021-06-15,0.8563227301763171
2021-06-16,0.8558490773590872
2021-06-17,0.8544832440525157
2021-06-18,0.8547771234406405
2021-06-21,0.8443595349438777
2021-06-22,0.8759739944669267
2021-06-23,0.8794088885642746
2021-06-24,0.9061006177284185
2021-06-25,0.9191406801709127
2021-06-28,0.9299554767386067
2021-06-29,0.9298569417617166
2021-06-30,0.9365860611303605
2021-07-01,0.9371788809191927
2021-07-02,0.9388510914175907
2021-07-06,0.9361581505396264
2021-07-07,0.9356121288917012
2021-07-08,0.9352578396648957
2021-07-09,0.9296337959616117
2021-07-12,0.9224742023463928
2021-07-13,0.9222182993400294
2021-07-14,0.9228534340271172
2021-07-15,0.923467466691632
2021-07-16,0.9276688662829173
2021-07-19,0.9223765070635944
2021-07-20,0.9101152506888461
2021-07-21,0.9430340413932097
2021-07-22,0.9421782683091076
2021-07-23,0.9811049806169043
2021-07-26,0.9817991750219544
2021-07-27,0.9998870363646768
2021-07-28,1.0
2021-07-29,1.0
2021-07-30,1.0
2021-08-02,1.0
2021-08-03,1.0
2021-08-04,1.0
2021-08-05,1.0
2021-08-06,1.0
2021-08-09,1.0
2021-08-10,1.0
2021-08-11,1.0
2021-08-12,1.0
2021-08-13,1.0
2021-08-16,1.0
2021-08-17,1.0
2021-08-18,1.0
2021-08-19,1.0
2021-08-20,1.0
2021-08-23,1.0
2021-08-24,1.0
2021-08-25,1.0
2021-08-26,1.0
2021-08-27,1.0
2021-08-30,1.0
2021-08-31,1.0
2021-09-01,1.0
2021-09-02,1.0
2021-09-03,1.0
2021-09-07,1.0
2021-09-08,1.0
2021-09-09,1.0
2021-09-10,1.0
2021-09-13,1.0
2021-09-14,1.0
2021-09-15,1.0
2021-09-16,1.0
2021-09-17,1.0
2021-09-20,1.0
2021-09-21,1.0
2021-09-22,1.0
2021-09-23,1.0
2021-09-24,1.0
2021-09-27,1.0
2021-09-28,1.0
2021-09-29,1.0
2021-09-30,1.0
2021-10-01,1.0
2021-10-04,1.0
2021-10-05,1.0
2021-10-06,1.0
2021-10-07,1.0
2021-10-08,1.0
2021-10-11,1.0
2021-10-12,1.0
2021-10-13,1.0
2021-10-14,1.0
2021-10-15,1.0
2021-10-18,1.0
2021-10-19,1.0
2021-10-20,1.0
2021-10-21,1.0
2021-10-22,1.0
2021-10-25,1.0
2021-10-26,1.0
2021-10-27,1.0
2021-10-28,1.0
2021-10-29,1.0
2021-11-01,1.0
2021-11-02,1.0
2021-11-03,1.0
2021-11-04,1.0
2021-11-05,1.0
2021-11-08,1.0
2021-11-09,1.0
2021-11-10,1.0
2021-11-11,1.0
2021-11-12,1.0
2021-11-15,1.0
2021-11-16,1.0
2021-11-17,1.0
2021-11-18,1.0
2021-11-19,1.0
2021-11-22,1.0
2021-11-23,1.0
2021-11-24,1.0
2021-11-26,1.0
2021-11-29,1.0
2021-11-30,1.0
2021-12-01,1.0
2021-12-02,1.0
2021-12-03,1.0
2021-12-06,0.996591037974601
2021-12-07,0.986925667714507
2021-12-08,0.9603517422315259
2021-12-09,0.9830933438464607
2021-12-10,0.994669656834886
2021-12-13,0.9928527575292426
2021-12-14,0.9846196115393875
2021-12-15,0.986758738484612
2021-12-16,0.9668457842201857
2021-12-17,0.9621073624351215
2021-12-20,0.9529639323872021
2021-12-21,0.9434415902114429
2021-12-22,0.9246777121057769
2021-12-23,0.9188424141495872
2021-12-27,0.9206036071024745
2021-12-28,0.9111239466569439
2021-12-29,0.9126977759937676
2021-12-30,0.9127257680053594
2021-12-31,0.9119730602378948
2022-01-03,0.9112198316827356
2022-01-04,0.9091397520679421
2022-01-05,0.9097805582496691
2022-01-06,0.8838501555200035
2022-01-07,0.8839975320570477
2022-01-10,0.8862458478931041
2022-01-11,0.8940365830374901
2022-01-12,0.8895494598607036
2022-01-13,0.8927377236221719
2022-01-14,0.883030268822728
2022-01-18,0.8830933365201457
2022-01-19,0.8624595770054637
2022-01-20,0.8589702662260079
2022-01-21,0.8563008390232009
2022-01-24,0.8381410983231009
2022-01-25,0.8377207470618547
2022-01-26,0.830439722822492
2022-01-27,0.8309097048806683
2022-01-28,0.8296695737758695
2022-01-31,0.8016074923492446
2022-02-01,0.7860390011166181
2022-02-02,0.7850073116550191
2022-02-03,0.7841160781782741
2022-02-04,0.7592357890502406
2022-02-07,0.7595598208181497
2022-02-08,0.7617304337939746
2022-02-09,0.7591475138817692
2022-02-10,0.7548002689490763
2022-02-11,0.7532163938212473
2022-02-14,0.7394448164032945
2022-02-15,0.7420608550419727
2022-02-16,0.7385105307207476
2022-02-17,0.7385568704743208
2022-02-18,0.7230903725068764
2022-02-22,0.7357649748719921
2022-02-23,0.732273568827725
2022-02-24,0.7254397406222913
2022-02-25,0.7223867740132895
2022-02-28,0.7120365299447705
2022-03-01,0.7152581691479276
2022-03-02,0.7080875112940312
2022-03-03,0.6996268773541368
2022-03-04,0.6989084209881326
2022-03-07,0.6984309778623676
2022-03-08,0.6733449366124415
2022-03-09,0.6723930373768243
2022-03-10,0.6628084061040971
2022-03-11,0.6640150232107649
2022-03-14,0.6604159695141545
2022-03-15,0.6609312744399144
2022-03-16,0.6494916295725904
2022-03-17,0.6376833095681484
2022-03-18,0.6340661948511301
2022-03-21,0.6314773196948362
2022-03-22,0.6315707923639169
2022-03-23,0.6292183114728683
2022-03-24,0.6281640151395713
2022-03-25,0.6237174364102783
2022-03-28,0.623215956246522
2022-03-29,0.6224016628345062
2022-03-30,0.6201135382398414
2022-03-31,0.6196916474696792
2022-04-01,0.6150192422083297
2022-04-04,0.6147611039899162
2022-04-05,0.613550842744985
2022-04-06,0.6117381139903787
2022-04-07,0.6099551486265211
2022-04-08,0.6106792853463517
2022-04-11,0.610581221731147
2022-04-12,0.6055584957657079
2022-04-13,0.605482160640353
2022-04-14,0.6031145324074436
2022-04-18,0.6005337379752996
2022-04-19,0.6006538568095555
2022-04-20,0.5955983445702794
2022-04-21,0.595745135844149
2022-04-22,0.601423584935325
2022-04-25,0.5908362405533668
2022-04-26,0.5963384420079287
2022-04-27,0.584504213417546
2022-04-28,0.5883250509393108
2022-04-29,0.5782601489336444
2022-05-02,0.5595393192960486
2022-05-03,0.5661827775251057
2022-05-04,0.565894821157496
2022-05-05,0.5521958619515928
2022-05-06,0.5360922401039273
2022-05-09,0.5366796692614669
2022-05-10,0.5243385950880416
2022-05-11,0.5282024219229908
2022-05-12,0.5259720250549705
2022-05-13,0.5269412437914432
2022-05-16,0.5202625364815499
2022-05-17,0.5247288211788629
2022-05-18,0.5206347104913365
2022-05-19,0.502789626512604
2022-05-20,0.5054095041875363
2022-05-23,0.5053667971982715
2022-05-24,0.5008357130382484
2022-05-25,0.5004153041743343
2022-05-26,0.4990202853800438
2022-05-27,0.49475232647705014
2022-05-31,0.48768642956960484
2022-06-01,0.4908735433213287
2022-06-02,0.4904749006287687
2022-06-03,0.48663526644189353
2022-06-06,0.48427621901944023
2022-06-07,0.48517240387608684
2022-06-08,0.48417260127198625
2022-06-09,0.4849695221256107
2022-06-10,0.47989351262687574
2022-06-13,0.47513587065726287
2022-06-14,0.4627059319735312
2022-06-15,0.4634226025343899
2022-06-16,0.46380641680833135
2022-06-17,0.45552091310350307
2022-06-21,0.45630742005980224
2022-06-22,0.4508370252747817
2022-06-23,0.4509648927660524
2022-06-24,0.45533765680944005
2022-06-27,0.4504907034593868
2022-06-28,0.4510335642465186
2022-06-29,0.44921111183799134
2022-06-30,0.4534953723031417
2022-07-01,0.45345715118771796
2022-07-05,0.45227821103001303
2022-07-06,0.4530117914437033
2022-07-07,0.4549311318784792
2022-07-08,0.45499457574532687
2022-07-11,0.4576562576610368
2022-07-12,0.456814298762963
2022-07-13,0.45877217324676256
2022-07-14,0.4587548892399485
2022-07-15,0.4621400823842252
2022-07-18,0.4588692459357698
2022-07-19,0.4591185674614393
2022-07-20,0.45503953026781474
2022-07-21,0.4567087959434697
2022-07-22,0.4602385989809693
2022-07-25,0.4596478811488279
2022-07-26,0.4614682907674949
2022-07-27,0.4637857625651157
2022-07-28,0.45774277939081387
2022-07-29,0.4568092160245004
2022-08-01,0.46251126036969775
2022-08-02,0.4628912918773409
2022-08-03,0.4684009435839176
2022-08-04,0.4662715141812903
2022-08-05,0.4677570987587418
2022-08-08,0.46822559031450245
2022-08-09,0.4724110270706152
2022-08-10,0.47708512743638826
2022-08-11,0.4742108170867745
2022-08-12,0.4756019529552605
2022-08-15,0.4726586418654244
2022-08-16,0.4737564449405337
2022-08-17,0.4750506342780975
2022-08-18,0.4766651174417896
2022-08-19,0.476891136106115
2022-08-22,0.4760286315061573
2022-08-23,0.4736180226925557
2022-08-24,0.47386072634011694
2022-08-25,0.47578433972229706
2022-08-26,0.4738716669200222
2022-08-29,0.46452221546314115
2022-08-30,0.4654169162715043
2022-08-31,0.46519834811755223
2022-09-01,0.4650755859568483
2022-09-02,0.4649318980660024
2022-09-06,0.46634363318075717
2022-09-07,0.466312087943775
2022-09-08,0.46432636062869137
2022-09-09,0.46492655955307466
2022-09-12,0.46267280529252175
2022-09-13,0.4640046721148394
2022-09-14,0.4483843150533542
2022-09-15,0.44972031053508515
2022-09-16,0.4548609487200941
2022-09-19,0.454905639415259
2022-09-20,0.46090995836424364
2022-09-21,0.46001268358929714
2022-09-22,0.4633615454529578
2022-09-23,0.4745913410443383
2022-09-26,0.4725160103741301
2022-09-27,0.4720825356383229
2022-09-28,0.4812243899640918
2022-09-29,0.48915425341058977
2022-09-30,0.48519941714533643
2022-10-03,0.49337191779249834
2022-10-04,0.48619507057930433
2022-10-05,0.4793467657680318
2022-10-06,0.47932872579234503
2022-10-07,0.48414740753859364
2022-10-10,0.4767962733366363
2022-10-11,0.48070221031549326
2022-10-12,0.49704567252716664
2022-10-13,0.49725065940242824
2022-10-14,0.48986852551816373
2022-10-17,0.4881553514034396
2022-10-18,0.48135223670666144
2022-10-19,0.480925961000187
2022-10-20,0.4847587791088322
2022-10-21,0.4909659573663189
2022-10-24,0.48504656343243324
2022-10-25,0.4838748468521443
2022-10-26,0.48464271184221747
2022-10-27,0.48669971850394067
2022-10-28,0.48656095840936653
2022-10-31,0.4813187053512188
2022-11-01,0.48188703051934234
2022-11-02,0.4873475300351574
2022-11-03,0.4897007483051099
2022-11-04,0.5053358378742593
2022-11-07,0.5034255729033992
2022-11-08,0.5047575307585096
2022-11-09,0.5174954668056112
2022-11-10,0.5120626032723378
2022-11-11,0.4867183825307499
2022-11-14,0.4859925332024565
2022-11-15,0.4858976034932151
2022-11-16,0.4944081209061458
2022-11-17,0.49375076983884264
2022-11-18,0.4982000741787158
2022-11-21,0.4980010944480183
2022-11-22,0.4987252648312347
2022-11-23,0.49796950955497543
2022-11-25,0.49766249892658687
2022-11-28,0.4977600388732425
2022-11-29,0.4973206455976862
2022-11-30,0.4972980337620868
2022-12-01,0.4891923678851212
2022-12-02,0.49018644086699603
2022-12-05,0.4904250576308177
2022-12-06,0.486965416729824
2022-12-07,0.48826384545511364
2022-12-08,0.4889867157413063
2022-12-09,0.4961690885166924
2022-12-12,0.4959543633908375
2022-12-13,0.4948250258849034
2022-12-14,0.49522418665792894
2022-12-15,0.49483034759919287
2022-12-16,0.4895382529383525
2022-12-19,0.49544730441591434
2022-12-20,0.49637859488596414
2022-12-21,0.4987361289337538
2022-12-22,0.49618956283748406
2022-12-23,0.4945014743382088
2022-12-27,0.49687646574979755
2022-12-28,0.49676091544024215
2022-12-29,0.4954059373756452
2022-12-30,0.49191223023511715
2023-01-03,0.49200894061144834
2023-01-04,0.4970292094106573
2023-01-05,0.4962600189605357
2023-01-06,0.498619716389072
2023-01-09,0.49286570578416966
2023-01-10,0.4929523101590079
2023-01-11,0.49271685858105685
2023-01-12,0.49087741040933963
2023-01-13,0.4922913720361011
2023-01-17,0.4968674516093309
2023-01-18,0.49687554508149834
2023-01-19,0.4944917216330953
2023-01-20,0.4962587899535404
2023-01-23,0.5048200386525202
2023-01-24,0.5036960236635255
2023-01-25,0.5050909284116937
2023-01-26,0.5058136369678172
2023-01-27,0.5045848474475939
2023-01-30,0.5059332057914973
2023-01-31,0.5041195688536025
2023-02-01,0.5054512518940849
2023-02-02,0.5047368077517349
2023-02-03,0.5049239407433705
2023-02-06,0.5048725509870293
2023-02-07,0.5284326667142575
2023-02-08,0.5265784302592534
2023-02-09,0.5266514566709104
2023-02-10,0.5262842798159663
2023-02-13,0.5267648119984752
2023-02-14,0.5270979476347012
2023-02-15,0.531352902512165
2023-02-16,0.5324816423431922
2023-02-17,0.5340417434204071
2023-02-21,0.5356172014965072
2023-02-22,0.5297154245857659
2023-02-23,0.5342781038580872
2023-02-24,0.5407626973544905
2023-02-27,0.5425519337703484
2023-02-28,0.5512674408243585
2023-03-01,0.5644069306980931
2023-03-02,0.5640768544843736
2023-03-03,0.5651538535993164
2023-03-06,0.5753863088914167
2023-03-07,0.5766383256638243
2023-03-08,0.5730241370011893
2023-03-09,0.5733400990232751
2023-03-10,0.5772507733113069
2023-03-13,0.5837145372457105
2023-03-14,0.595431838827294
2023-03-15,0.5929655027737307
2023-03-16,0.5928810692205405
2023-03-17,0.5891123279498703
2023-03-20,0.5962059411995052
2023-03-21,0.5973003321858729
2023-03-22,0.5990314607217554
2023-03-23,0.5947748551824059
2023-03-24,0.5954108123926616
2023-03-27,0.6059463840140322
2023-03-28,0.607077359866703
2023-03-29,0.6073907517937656
2023-03-30,0.6171271155736955
2023-03-31,0.6193402033521647
2023-04-03,0.6188978872804175
2023-04-04,0.6203307672408723
2023-04-05,0.6199174476287346
2023-04-06,0.6299136500540499
2023-04-10,0.7037750732462166
2023-04-11,0.706197987526255
2023-04-12,0.7089057223770169
2023-04-13,0.71048832120829
2023-04-14,0.7076624596240979
2023-04-17,0.707857953946293
2023-04-18,0.7081809086358302
2023-04-19,0.7087776844117443
2023-04-20,0.7141905234090529
2023-04-21,0.7139252824618394
2023-04-24,0.713921276708421
2023-04-25,0.7221954850243246
2023-04-26,0.713638858221088
2023-04-27,0.7446678122683723
2023-04-28,0.7314157711909931
2023-05-01,0.7292622583780977
2023-05-02,0.7411100608891651
2023-05-03,0.7438955203459501
2023-05-04,0.7420777068491938
2023-05-05,0.7418724573557793
2023-05-08,0.7326085452789268
2023-05-09,0.7392653376509285
2023-05-10,0.7401411859120488
2023-05-11,0.7409708241044338
2023-05-12,0.7657504332213825
2023-05-15,0.7711696604257071
2023-05-16,0.7748828383961079
2023-05-17,0.77278477761189
2023-05-18,0.7758168467559992
2023-05-19,0.7826208242875573
2023-05-22,0.7834266157653136
2023-05-23,0.7844444362619791
2023-05-24,0.785314593806253
2023-05-25,0.7943139195861377
2023-05-26,0.7919662203933026
2023-05-30,0.7866367046774028
2023-05-31,0.788481348860603
2023-06-01,0.7932804599841811
2023-06-02,0.8111489820310143
2023-06-05,0.8027483884698118
2023-06-06,0.8040323139498732
2023-06-07,0.8105669531273458
2023-06-08,0.8099345627400528
2023-06-09,0.8090392454414945
2023-06-12,0.8093876927294789
2023-06-13,0.8190854305260855
2023-06-14,0.8211394294140869
2023-06-15,0.8368975307022781
2023-06-16,0.8365635665778725
2023-06-20,0.8356004371273255
2023-06-21,0.834016683632743
2023-06-22,0.837425238738867
2023-06-23,0.8371275504229048
2023-06-26,0.8433923148373618
2023-06-27,0.8522580920653431
2023-06-28,0.8511426446979335
2023-06-29,0.8620751495715098
2023-06-30,0.8680444206202518
2023-07-03,0.8631706871994544
2023-07-05,0.871541044008894
2023-07-06,0.8794608065673186
2023-07-07,0.8804729957422812
2023-07-10,0.8798076588716377
2023-07-11,0.8866005982775818
2023-07-12,0.8844120505127364
2023-07-13,0.8819696697734338
2023-07-14,0.8918506797596941
2023-07-17,0.8924827584100348
2023-07-18,0.9220885800969667
2023-07-19,0.9203157006889078
2023-07-20,0.921348681414025
2023-07-21,0.9266656569241065
2023-07-24,0.9268122533324453
2023-07-25,0.9276541091732868
2023-07-26,0.9301928189963331
2023-07-27,0.9327132627992045
2023-07-28,0.9442902039566632
2023-07-31,0.938806480069551
2023-08-01,0.9600698965998666
2023-08-02,0.9587858596213454
2023-08-03,0.9719837612611054
2023-08-04,0.9922112936211452
2023-08-07,0.988990978577106
2023-08-08,1.0
2023-08-09,1.0
2023-08-10,1.0
2023-08-11,1.0
2023-08-14,1.0
2023-08-15,1.0
2023-08-16,1.0
2023-08-17,1.0
2023-08-18,1.0
2023-08-21,1.0
2023-08-22,1.0
2023-08-23,1.0
2023-08-24,1.0
2023-08-25,1.0
2023-08-28,1.0
2023-08-29,1.0
2023-08-30,1.0
2023-08-31,1.0
2023-09-01,1.0
2023-09-05,1.0
2023-09-06,1.0
2023-09-07,1.0
2023-09-08,1.0
2023-09-11,1.0
2023-09-12,1.0
2023-09-13,1.0
2023-09-14,1.0
2023-09-15,1.0
2023-09-18,1.0
2023-09-19,1.0
2023-09-20,1.0
2023-09-21,1.0
2023-09-22,1.0
2023-09-25,1.0
2023-09-26,1.0
2023-09-27,1.0
2023-09-28,1.0
2023-09-29,1.0
2023-10-02,1.0
2023-10-03,1.0
2023-10-04,1.0
2023-10-05,1.0
2023-10-06,1.0
2023-10-09,1.0
2023-10-10,1.0
2023-10-11,1.0
2023-10-12,1.0
2023-10-13,1.0
2023-10-16,1.0
2023-10-17,1.0
2023-10-18,1.0
2023-10-19,1.0
2023-10-20,1.0
2023-10-23,1.0
2023-10-24,1.0
2023-10-25,1.0
2023-10-26,1.0
2023-10-27,1.0
2023-10-30,1.0
2023-10-31,1.0
2023-11-01,1.0
2023-11-02,1.0
2023-11-03,0.9962336736298678
2023-11-06,0.9927675655341374
2023-11-07,0.9925571748642295
2023-11-08,1.0
2023-11-09,1.0
2023-11-10,1.0
2023-11-13,0.983725978459915
2023-11-14,0.9847541817984884
2023-11-15,0.9613679314464337
2023-11-16,0.9631088592088175
2023-11-17,0.9728343324570349
2023-11-20,0.9727909107212247
2023-11-21,0.970163906185661
2023-11-22,0.9814160971586386
2023-11-24,0.9802612200156657
2023-11-27,0.9806563157195911
2023-11-28,0.9859330520527
2023-11-29,0.9867647394202967
2023-11-30,0.9869901126697768
2023-12-01,0.989474139307516
2023-12-04,0.9911371810032552
2023-12-05,0.9942638318955033
2023-12-06,0.994337572474816
2023-12-07,0.9941618878240924
2023-12-08,0.9930706246697647
2023-12-11,0.9921288168513972
2023-12-12,0.9950392954300075
2023-12-13,0.9933769474017256
2023-12-14,0.9796110936106317
2023-12-15,0.9796777297919615
2023-12-18,0.9796835719099715
2023-12-19,0.9821470637116749
2023-12-20,0.9871313114485836
2023-12-21,0.9683818105023321
2023-12-22,0.9612253939013746
2023-12-26,0.9777555342433093
2023-12-27,0.9774409507582118
2023-12-28,0.980308307456159
2023-12-29,0.9861903142269203
2024-01-02,0.9871639869581075
2024-01-03,0.9888097884936979
2024-01-04,0.9825509077861204
2024-01-05,0.9814606713490772
2024-01-08,0.983629119021966
2024-01-09,0.9809710787177717
2024-01-10,0.9863845796121016
2024-01-11,0.9906899584432511
2024-01-12,0.9905722704301069
2024-01-16,0.9936660717665667
2024-01-17,0.9929876274347859
2024-01-18,0.99858985381439
2024-01-19,1.0
2024-01-22,1.0
2024-01-23,1.0
2024-01-24,1.0
2024-01-25,1.0
2024-01-26,1.0
2024-01-29,1.0
2024-01-30,1.0
2024-01-31,1.0
2024-02-01,0.9995986930295775
2024-02-02,0.9881240246488225
2024-02-05,0.9830168672221415
2024-02-06,0.9853372755041895
2024-02-07,0.9852028253459049
2024-02-08,0.9854325201309785
2024-02-09,1.0
2024-02-12,0.998988109330211
2024-02-13,0.9995758854636737
2024-02-14,0.9899302928428789
2024-02-15,1.0
2024-02-16,1.0
2024-02-20,1.0
2024-02-21,1.0
2024-02-22,1.0
2024-02-23,0.996065560649787
2024-02-26,0.9976089423887466
2024-02-27,0.9952044471695273
2024-02-28,1.0
2024-02-29,1.0
2024-03-01,1.0
2024-03-04,1.0
2024-03-05,1.0
2024-03-06,1.0
2024-03-07,1.0
2024-03-08,1.0
2024-03-11,1.0
2024-03-12,1.0
2024-03-13,1.0
2024-03-14,1.0
2024-03-15,1.0
2024-03-18,1.0
2024-03-19,1.0
2024-03-20,1.0
2024-03-21,1.0
2024-03-22,1.0
2024-03-25,1.0
2024-03-26,1.0
2024-03-27,1.0
2024-03-28,1.0
2024-04-01,1.0
2024-04-02,1.0
2024-04-03,1.0
2024-04-04,1.0
2024-04-05,1.0
2024-04-08,1.0
2024-04-09,1.0
2024-04-10,1.0
2024-04-11,1.0
2024-04-12,1.0
2024-04-15,1.0
2024-04-16,1.0
2024-04-17,1.0
2024-04-18,1.0
2024-04-19,1.0
2024-04-22,1.0
2024-04-23,1.0
2024-04-24,1.0
2024-04-25,1.0
2024-04-26,1.0
2024-04-29,1.0
2024-04-30,1.0
2024-05-01,1.0
2024-05-02,1.0
2024-05-03,1.0
2024-05-06,1.0
2024-05-07,1.0
2024-05-08,1.0
2024-05-09,1.0
2024-05-10,1.0
2024-05-13,1.0
2024-05-14,1.0
2024-05-15,1.0
2024-05-16,1.0
2024-05-17,1.0
2024-05-20,1.0
2024-05-21,1.0
2024-05-22,1.0
2024-05-23,1.0
2024-05-24,1.0
2024-05-28,1.0
2024-05-29,1.0
2024-05-30,1.0
2024-05-31,1.0
2024-06-03,1.0
2024-06-04,1.0
2024-06-05,1.0
2024-06-06,1.0
2024-06-07,1.0
2024-06-10,1.0
2024-06-11,1.0
2024-06-12,1.0
2024-06-13,1.0
2024-06-14,1.0
2024-06-17,1.0
2024-06-18,1.0
2024-06-20,1.0
2024-06-21,1.0
2024-06-24,1.0
2024-06-25,1.0
2024-06-26,1.0
2024-06-27,1.0
2024-06-28,1.0
2024-07-01,1.0
2024-07-02,1.0
2024-07-03,1.0
2024-07-05,1.0
2024-07-08,1.0
2024-07-09,1.0
2024-07-10,1.0
2024-07-11,1.0
2024-07-12,1.0
2024-07-15,1.0
2024-07-16,1.0
2024-07-17,1.0
2024-07-18,1.0
2024-07-19,1.0
2024-07-22,1.0
2024-07-23,1.0
2024-07-24,1.0
2024-07-25,1.0
2024-07-26,1.0
2024-07-29,1.0
2024-07-30,1.0
2024-07-31,1.0
2024-08-01,1.0
2024-08-02,1.0
2024-08-05,1.0
2024-08-06,0.9500615768794797
2024-08-07,0.9425437198248305
2024-08-08,0.9386317874076018
2024-08-09,0.9065471014609706
2024-08-12,0.9076488816360933
2024-08-13,0.9094979905982989
2024-08-14,0.8968034655705444
2024-08-15,0.896570262441403
2024-08-16,0.8818306002335904
2024-08-19,0.8825257304383728
2024-08-20,0.8783864813882665
2024-08-21,0.8817102986025702
2024-08-22,0.8809509435536024
2024-08-23,0.8758384393136833
2024-08-26,0.8727964118489151
2024-08-27,0.8718966933667777
2024-08-28,0.8822987645961737
2024-08-29,0.885873209663078
2024-08-30,0.8859114315186356
2024-09-03,0.8806969742266711
2024-09-04,0.8583615907904575
2024-09-05,0.8606523977614065
2024-09-06,0.873381852563853
2024-09-09,0.8638711924553008
2024-09-10,0.8577542837989394
2024-09-11,0.859495503784852
2024-09-12,0.8548795957910917
2024-09-13,0.8580858844734707
2024-09-16,0.8602570516085744
2024-09-17,0.8668803040381317
2024-09-18,0.8668851316575563
2024-09-19,0.8678196677541593
2024-09-20,0.858415000303401
2024-09-23,0.8581317305772599
2024-09-24,0.8746547173537476
2024-09-25,0.875901575662058
2024-09-26,0.8789554235407915
2024-09-27,0.8862189777229492
2024-09-30,0.8911239921979779
2024-10-01,0.8904935680311994
2024-10-02,0.8839168945817422
2024-10-03,0.8849291460408875
2024-10-04,0.8845586897217381
2024-10-07,0.8807413372167597
2024-10-08,0.8750404069942519
2024-10-09,0.8773851112940859
2024-10-10,0.8755785809998028
2024-10-11,0.8750678477188516
2024-10-14,0.8735030847043129
2024-10-15,0.8709814254134898
2024-10-16,0.8674833574924508
2024-10-17,0.8707697039468969
2024-10-18,0.8727814319381477
2024-10-21,0.8722912117746402
2024-10-22,0.8759992016516457
2024-10-23,0.8788444167020506
2024-10-24,0.8754637719256926
2024-10-25,0.8753802924415179
2024-10-28,0.8753077362392983
2024-10-29,0.8822368093727917
2024-10-30,0.8822683018249187
2024-10-31,0.8814563550738092
2024-11-01,0.859451119684028
2024-11-04,0.8590239690357555
2024-11-05,0.861877098331453
2024-11-06,0.8545120718124001
2024-11-07,0.8239264921991648
2024-11-08,0.8240785547300189
2024-11-11,0.8238040818992934
2024-11-12,0.8243868203992801
2024-11-13,0.8239718281510421
2024-11-14,0.8247380545254872
2024-11-15,0.8228003940130926
2024-11-18,0.8132704542706772
2024-11-19,0.8127851111392813
2024-11-20,0.8134204482868226
2024-11-21,0.8135609956054308
2024-11-22,0.813964121560831
2024-11-25,0.8145027550666643
2024-11-26,0.8153089175341853
2024-11-27,0.8141389300274953
2024-11-29,0.8131488959669728
2024-12-02,0.816276243335839
2024-12-03,0.8205458164979297
2024-12-04,0.821636049160068
2024-12-05,0.8204842126377374
2024-12-06,0.821703867711506
2024-12-09,0.8325147707412784
2024-12-10,0.8338704281914255
2024-12-11,0.8364487078663333
2024-12-12,0.8387531599243618
2024-12-13,0.8369958952041016
2024-12-16,0.8695898759964573
2024-12-17,0.8714837055768812
2024-12-18,0.8758321594343714
2024-12-19,0.8243781624873213
2024-12-20,0.8258711752823203
2024-12-23,0.831987944439735
2024-12-24,0.8408766786750287
2024-12-26,0.8563721593935165
2024-12-27,0.9184747970587028
2024-12-30,0.913179266143306
2024-12-31,0.9089544439349556
2025-01-02,0.9395581534189367
2025-01-03,0.9398074089105551
2025-01-06,0.9302864897209446
2025-01-07,0.9468090555021269
2025-01-08,0.9367465916690165
2025-01-10,0.9541252373883801
2025-01-13,0.9349762864137463
2025-01-14,0.9411057323380195
2025-01-15,0.9414911082069916
2025-01-16,0.9202845564657045
2025-01-17,0.9261483341966477
2025-01-21,0.9282389891105467
2025-01-22,0.924723557307401
2025-01-23,0.922773771058677
2025-01-24,0.9246470179736352
2025-01-27,0.9237282677395691
2025-01-28,0.9133259174935529
2025-01-29,0.9430155178506198
2025-01-30,0.9411630818442378
2025-01-31,0.9409445490965775
2025-02-03,0.9641065827016153
2025-02-04,0.9669352723294891
2025-02-05,0.964798344299225
2025-02-06,0.9716287219021917
2025-02-07,0.9745589248997496
2025-02-10,0.9677554433970723
2025-02-11,0.9649304216000275
2025-02-12,0.9649356571940277
2025-02-13,0.9650334412695125
2025-02-14,0.9785469927081979
2025-02-18,0.97907293067157
2025-02-19,0.9791891516068667
2025-02-20,0.9792279858131435
2025-02-21,0.9776738523622145
2025-02-24,0.9535039872557981
2025-02-25,0.9514800556850229
2025-02-26,0.9506592856796637
2025-02-27,0.9579482765367628
2025-02-28,0.93786871446766
2025-03-03,0.9213690626588016
2025-03-04,0.9044511816131042
2025-03-05,0.9005786735499304
2025-03-06,0.8986652749409649
2025-03-07,0.881549056171606
2025-03-10,0.8799278867167418
2025-03-11,0.8406353432276096
2025-03-12,0.8413869095200252
2025-03-13,0.8426292049391233
2025-03-14,0.8344848791068747
2025-03-17,0.8117111196368874
2025-03-18,0.8104448904651188
2025-03-19,0.805560576241388
2025-03-20,0.7999262183707979
2025-03-21,0.803417672909168
2025-03-24,0.8036263870473699
2025-03-25,0.7897059295531335
2025-03-26,0.78991055123442
2025-03-27,0.7847533115940273
2025-03-28,0.7847515189435135
2025-03-31,0.7828861596935927
2025-04-01,0.7822744684514142
2025-04-02,0.7819109357136137
2025-04-03,0.7864068084532676
2025-04-04,0.7204379899356809
2025-04-07,0.6254214562970328
2025-04-08,0.6260457701825897
2025-04-09,0.6219688882366033
2025-04-10,0.4944629119915076
2025-04-11,0.48249100563869557
2025-04-14,0.47914881408739085
2025-04-15,0.4798755373732213
2025-04-16,0.4800897441042469
2025-04-17,0.47580555546789427
2025-04-21,0.4757605063155376
2025-04-22,0.47138861147273314
2025-04-23,0.4653972716276016
2025-04-24,0.46279220003217275
2025-04-25,0.4593394902406563
2025-04-28,0.4588345142334047
2025-04-29,0.4591699867717773
2025-04-30,0.4588861273905385
2025-05-01,0.45885456589490403
2025-05-02,0.45882521220676387
2025-05-05,0.4568343111577976
2025-05-06,0.45664711002970865
2025-05-07,0.45648479161352296
2025-05-08,0.4563113157375563
2025-05-09,0.4566139687483438
2025-05-12,0.45680285999490766
2025-05-13,0.44813293040177604
2025-05-14,0.44781473314268094
2025-05-15,0.44790293544357684
2025-05-16,0.45499948358930803
2025-05-19,0.45461553894096635
2025-05-20,0.4555653561033934
2025-05-21,0.45588005532220344
2025-05-22,0.4547662681874998
2025-05-23,0.4547662054132806
2025-05-27,0.45539588575422896
2025-05-28,0.45289181052973393
2025-05-29,0.4527865837333791
2025-05-30,0.4527001810521655
2025-06-02,0.45398810104027976
2025-06-03,0.454103195777058
2025-06-04,0.45486536146659806
2025-06-05,0.45488316939163553
2025-06-06,0.45669157804019067
2025-06-09,0.4558680583120331
2025-06-10,0.4558709220994317
2025-06-11,0.4583532373186774
2025-06-12,0.4583254909322647
2025-06-13,0.45903266113656394
2025-06-16,0.4585882692531687
2025-06-17,0.4581573248977937
2025-06-18,0.45783481090991995
2025-06-20,0.45789418165136997
2025-06-23,0.45966563979500513
2025-06-24,0.45960325128277246
2025-06-25,0.4587469723833709
2025-06-26,0.458977901965264
2025-06-27,0.45867391239957184
2025-06-30,0.45899087518767323
2025-07-01,0.45919724200049183
2025-07-02,0.45929549551674165
2025-07-03,0.4592212123635836
2025-07-07,0.45950371140058843
2025-07-08,0.4592686491125168
2025-07-09,0.4592605319024343
2025-07-10,0.45905658651743464
2025-07-11,0.4598745277631786
2025-07-14,0.4597669056191374
2025-07-15,0.45979706126827913
2025-07-16,0.45968954767977
2025-07-17,0.459789944797579
2025-07-18,0.46224299607582675
2025-07-21,0.4625012892767223
2025-07-22,0.46273439435406055
2025-07-23,0.46273604052534556
2025-07-24,0.4647479838101708
2025-07-25,0.4667545916979484
2025-07-28,0.46977666507442833
2025-07-29,0.4713892271932588
2025-07-30,0.47220651691585824
2025-07-31,0.4755306742893455
2025-08-01,0.4755158154802658
2025-08-04,0.48043921592304617
2025-08-05,0.4794175750416786
2025-08-06,0.4791854417490468
2025-08-07,0.4811185819304242
2025-08-08,0.48496572128336707
2025-08-11,0.4848022726055029
2025-08-12,0.48610215493880626
2025-08-13,0.48599520175315086
2025-08-14,0.486081021599182
2025-08-15,0.48607297012156203
2025-08-18,0.4886078815005327
2025-08-19,0.4885949924946007
2025-08-20,0.4896646312985038
2025-08-21,0.48973811566522935
2025-08-22,0.4941668415333495
2025-08-25,0.492358352322491
2025-08-26,0.4920819891450518
2025-08-27,0.49230445719400584
2025-08-28,0.5224825040519545
2025-08-29,0.5827546833775371
2025-09-02,0.5817804063377798
2025-09-03,0.5861145051838558
2025-09-04,0.8114411865871966
2025-09-05,0.8829728747316908
2025-09-08,0.8971224573320487
2025-09-09,0.8994627867214376
2025-09-10,0.9002472974668504
2025-09-11,0.9421960681490473
2025-09-12,0.9393478893282308
2025-09-15,0.9932682602353694
2025-09-16,1.0
2025-09-17,1.0
2025-09-18,1.0
2025-09-19,1.0
2025-09-22,1.0
2025-09-23,1.0
2025-09-24,1.0
2025-09-25,1.0
2025-09-26,1.0
2025-09-29,1.0
